1,1,Aug 26 2017,3:00 PM,Sat,Brigham Young,20,,Portland State,6,,
2,1,Aug 26 2017,2:30 PM,Sat,Colorado State,58,,Oregon State,27,,
3,1,Aug 26 2017,6:00 PM,Sat,Hawaii,38,@,Massachusetts,35,,
4,1,Aug 26 2017,7:30 PM,Sat,(19) South Florida,42,@,San Jose State,22,,
5,1,Aug 26 2017,10:00 PM,Sat,(14) Stanford,62,,Rice,7,,Allianz Stadium - Sydney AUS
6,2,Aug 31 2017,10:30 PM,Thu,Arizona State,37,,New Mexico State,31,,
7,2,Aug 31 2017,8:00 PM,Thu,Arkansas,49,,Florida A&M,7,,
8,2,Aug 31 2017,6:00 PM,Thu,Central Florida,61,,Florida International,17,,
9,2,Aug 31 2017,7:00 PM,Thu,Central Michigan,30,,Rhode Island,27,,
10,2,Aug 31 2017,7:00 PM,Thu,Cincinnati,26,,Austin Peay,14,,
11,2,Aug 31 2017,7:30 PM,Thu,Connecticut,27,,Holy Cross,20,,
12,2,Aug 31 2017,9:00 PM,Thu,Idaho,28,,Sacramento State,6,,
13,2,Aug 31 2017,9:00 PM,Thu,Memphis,37,,Louisiana-Monroe,29,,
14,2,Aug 31 2017,7:00 PM,Thu,Minnesota,17,,Buffalo,7,,
15,2,Aug 31 2017,8:00 PM,Thu,(2) Ohio State,49,@,Indiana,21,,
16,2,Aug 31 2017,7:30 PM,Thu,(10) Oklahoma State,59,,Tulsa,24,,
17,2,Aug 31 2017,7:00 PM,Thu,Tennessee State,17,@,Georgia State,10,,
18,2,Aug 31 2017,7:00 PM,Thu,Toledo,47,,Elon,13,,
19,2,Aug 31 2017,7:30 PM,Thu,Utah,37,,North Dakota,16,,
20,2,Aug 31 2017,6:30 PM,Thu,Wake Forest,51,,Presbyterian,7,,
21,2,Sep 1 2017,6:00 PM,Fri,Army,64,,Fordham,6,,
22,2,Sep 1 2017,9:30 PM,Fri,Boston College,23,@,Northern Illinois,20,,
23,2,Sep 1 2017,8:00 PM,Fri,Colorado,17,,Colorado State,3,,Sports Authority Field - Denver Colorado
24,2,Sep 1 2017,6:30 PM,Fri,Eastern Michigan,24,,Charlotte,7,,
25,2,Sep 1 2017,8:00 PM,Fri,Navy,42,@,Florida Atlantic,19,,
26,2,Sep 1 2017,7:00 PM,Fri,Syracuse,50,,Central Connecticut State,7,,
27,2,Sep 1 2017,8:00 PM,Fri,(8) Washington,30,@,Rutgers,14,,
28,2,Sep 1 2017,9:00 PM,Fri,(9) Wisconsin,59,,Utah State,10,,
29,2,Sep 2 2017,2:00 PM,Sat,Air Force,62,,Virginia Military Institute,0,,
30,2,Sep 2 2017,8:00 PM,Sat,(1) Alabama,24,,(3) Florida State,7,,Mercedes-Benz Stadium - Atlanta Georgia
31,2,Sep 2 2017,3:30 PM,Sat,Alabama-Birmingham,38,,Alabama A&M,7,,
32,2,Sep 2 2017,11:00 PM,Sat,Arizona,62,,Northern Arizona,24,,
33,2,Sep 2 2017,7:30 PM,Sat,(12) Auburn,41,,Georgia Southern,7,,
34,2,Sep 2 2017,3:45 PM,Sat,Boise State,24,,Troy,13,,
35,2,Sep 2 2017,12:20 PM,Sat,California,35,@,North Carolina,30,,
36,2,Sep 2 2017,12:00 PM,Sat,Central Florida,61,,Florida International,17,,
37,2,Sep 2 2017,12:00 PM,Sat,(5) Clemson,56,,Kent State,3,,
38,2,Sep 2 2017,7:00 PM,Sat,Coastal Carolina,38,,Massachusetts,28,,
39,2,Sep 2 2017,6:00 PM,Sat,Duke,60,,North Carolina Central,7,,
40,2,Sep 2 2017,10:00 PM,Sat,Fresno State,66,,Incarnate Word,0,,
41,2,Sep 2 2017,6:15 PM,Sat,(15) Georgia,31,,Appalachian State,10,,
42,2,Sep 2 2017,11:59 PM,Sat,Hawaii,41,,Western Carolina,18,,
43,2,Sep 2 2017,9:00 PM,Sat,Howard,43,@,Nevada-Las Vegas,40,,
44,2,Sep 2 2017,12:00 PM,Sat,Illinois,24,,Ball State,21,,
45,2,Sep 2 2017,12:00 PM,Sat,Iowa,24,,Wyoming,3,,
46,2,Sep 2 2017,8:00 PM,Sat,Iowa State,42,,Northern Iowa,24,,
47,2,Sep 2 2017,6:00 PM,Sat,James Madison,34,@,East Carolina,14,,
48,2,Sep 2 2017,7:00 PM,Sat,Kansas,38,,Southeast Missouri State,16,,
49,2,Sep 2 2017,7:10 PM,Sat,(20) Kansas State,55,,Central Arkansas,19,,
50,2,Sep 2 2017,4:00 PM,Sat,Kentucky,24,@,Southern Mississippi,17,,
51,2,Sep 2 2017,7:00 PM,Sat,Liberty,48,@,Baylor,45,,
52,2,Sep 2 2017,7:00 PM,Sat,Louisiana,51,,Southeastern Louisiana,48,,
53,2,Sep 2 2017,9:30 PM,Sat,(13) Louisiana State,27,,Brigham Young,0,,Mercedes-Benz Superdome - New Orleans Louisiana
54,2,Sep 2 2017,7:00 PM,Sat,Louisiana Tech,52,,Northwestern State,24,,
55,2,Sep 2 2017,7:30 PM,Sat,(16) Louisville,35,,Purdue,28,,Lucas Oil Stadium - Indianapolis Indiana
56,2,Sep 2 2017,6:30 PM,Sat,Marshall,31,,Miami (OH),26,,
57,2,Sep 2 2017,12:00 PM,Sat,Maryland,51,@,(23) Texas,41,,
58,2,Sep 2 2017,12:30 PM,Sat,(18) Miami (FL),41,,Bethune-Cookman,13,,
59,2,Sep 2 2017,3:30 PM,Sat,(11) Michigan,33,,(17) Florida,17,,AT&T Stadium - Arlington Texas
60,2,Sep 2 2017,12:00 PM,Sat,Michigan State,35,,Bowling Green State,10,,
61,2,Sep 2 2017,7:30 PM,Sat,Mississippi,47,,South Alabama,27,,
62,2,Sep 2 2017,4:00 PM,Sat,Mississippi State,49,,Charleston Southern,0,,
63,2,Sep 2 2017,12:00 PM,Sat,Missouri,72,,Missouri State,43,,
64,2,Sep 2 2017,8:00 PM,Sat,Nebraska,43,,Arkansas State,36,,
65,2,Sep 2 2017,8:00 PM,Sat,New Mexico,38,,Abilene Christian,14,,
66,2,Sep 2 2017,7:00 PM,Sat,North Texas,59,,Lamar,14,,
67,2,Sep 2 2017,3:30 PM,Sat,Northwestern,31,,Nevada,20,,
68,2,Sep 2 2017,3:30 PM,Sat,Notre Dame,49,,Temple,16,,
69,2,Sep 2 2017,7:00 PM,Sat,Ohio,59,,Hampton,0,,
70,2,Sep 2 2017,3:30 PM,Sat,(7) Oklahoma,56,,Texas-El Paso,7,,
71,2,Sep 2 2017,6:00 PM,Sat,Old Dominion,31,,Albany,17,,
72,2,Sep 2 2017,8:15 PM,Sat,Oregon,77,,Southern Utah,21,,
73,2,Sep 2 2017,2:00 PM,Sat,Oregon State,35,,Portland State,32,,
74,2,Sep 2 2017,12:00 PM,Sat,(6) Penn State,52,,Akron,0,,
75,2,Sep 2 2017,1:00 PM,Sat,Pittsburgh,28,,Youngstown State,21,,
76,2,Sep 2 2017,8:30 PM,Sat,San Diego State,38,,California-Davis,17,,
77,2,Sep 2 2017,7:30 PM,Sat,San Jose State,34,,Cal Poly,13,,
78,2,Sep 2 2017,3:00 PM,Sat,South Carolina,35,,North Carolina State,28,,Bank of America Stadium - Charlotte North Carolina
79,2,Sep 2 2017,4:00 PM,Sat,(19) South Florida,31,,Stony Brook,17,,
80,2,Sep 2 2017,5:15 PM,Sat,(4) Southern California,49,,Western Michigan,31,,
81,2,Sep 2 2017,7:00 PM,Sat,Southern Methodist,58,,Stephen F. Austin,14,,
82,2,Sep 2 2017,8:00 PM,Sat,Texas Christian,63,,Jackson State,0,,
83,2,Sep 2 2017,7:00 PM,Sat,Texas State,20,,Houston Baptist,11,,
84,2,Sep 2 2017,4:00 PM,Sat,Texas Tech,56,,Eastern Washington,10,,
85,2,Sep 2 2017,8:00 PM,Sat,Tulane,43,,Grambling State,14,,
86,2,Sep 2 2017,8:00 PM,Sat,Vanderbilt,28,@,Middle Tennessee State,6,,
87,2,Sep 2 2017,3:30 PM,Sat,Virginia,28,,William & Mary,10,,
88,2,Sep 2 2017,10:30 PM,Sat,(24) Washington State,31,,Montana State,0,,
89,2,Sep 2 2017,7:00 PM,Sat,Western Kentucky,31,,Eastern Kentucky,17,,
90,2,Sep 3 2017,7:30 PM,Sun,UCLA,45,,Texas A&M,44,,
91,2,Sep 3 2017,7:30 PM,Sun,(21) Virginia Tech,31,,(22) West Virginia,24,,FedEx Field - Landover Maryland
92,2,Sep 4 2017,8:00 PM,Mon,(25) Tennessee,42,,Georgia Tech,41,,Mercedes-Benz Stadium - Atlanta Georgia
93,3,Sep 7 2017,8:00 PM,Thu,Utah State,51,,Idaho State,13,,
94,3,Sep 8 2017,7:00 PM,Fri,Florida International,17,,Alcorn State,10,,
95,3,Sep 8 2017,8:00 PM,Fri,(11) Oklahoma State,44,@,South Alabama,7,,
96,3,Sep 8 2017,8:00 PM,Fri,Purdue,44,,Ohio,21,,
97,3,Sep 9 2017,6:30 PM,Sat,Akron,52,,Arkansas-Pine Bluff,3,,
98,3,Sep 9 2017,3:30 PM,Sat,(1) Alabama,41,,Fresno State,10,,
99,3,Sep 9 2017,3:30 PM,Sat,Appalachian State,54,,Savannah State,7,,
100,3,Sep 9 2017,12:00 PM,Sat,Army,21,,Buffalo,17,,
101,3,Sep 9 2017,3:00 PM,Sat,Ball State,51,,Alabama-Birmingham,31,,
102,3,Sep 9 2017,5:00 PM,Sat,California,33,,Weber State,20,,
103,3,Sep 9 2017,4:00 PM,Sat,Central Michigan,45,@,Kansas,27,,
104,3,Sep 9 2017,7:00 PM,Sat,(3) Clemson,14,,(13) Auburn,6,,
105,3,Sep 9 2017,2:00 PM,Sat,Colorado,37,,Texas State,3,,
106,3,Sep 9 2017,3:30 PM,Sat,Colorado State,38,,Abilene Christian,10,,
107,3,Sep 9 2017,12:00 PM,Sat,Duke,41,,Northwestern,17,,
108,3,Sep 9 2017,3:30 PM,Sat,Eastern Michigan,16,@,Rutgers,13,,
109,3,Sep 9 2017,7:30 PM,Sat,(15) Georgia,20,@,(24) Notre Dame,19,,
110,3,Sep 9 2017,12:30 PM,Sat,Georgia Tech,37,,Jacksonville State,10,,
111,3,Sep 9 2017,10:30 PM,Sat,Houston,19,@,Arizona,16,,
112,3,Sep 9 2017,8:00 PM,Sat,Illinois,20,,Western Kentucky,7,,
113,3,Sep 9 2017,3:30 PM,Sat,Indiana,34,@,Virginia,17,,
114,3,Sep 9 2017,12:00 PM,Sat,Iowa,44,@,Iowa State,41,,
115,3,Sep 9 2017,12:00 PM,Sat,(19) Kansas State,55,,Charlotte,7,,
116,3,Sep 9 2017,3:30 PM,Sat,Kent State,38,,Howard,31,,
117,3,Sep 9 2017,12:00 PM,Sat,Kentucky,27,,Eastern Kentucky,16,,
118,3,Sep 9 2017,7:30 PM,Sat,(12) Louisiana State,45,,Chattanooga,10,,
119,3,Sep 9 2017,12:00 PM,Sat,(17) Louisville,47,@,North Carolina,35,,
120,3,Sep 9 2017,12:00 PM,Sat,Maryland,63,,Towson,17,,
121,3,Sep 9 2017,3:30 PM,Sat,Miami (OH),31,,Austin Peay,10,,
122,3,Sep 9 2017,12:00 PM,Sat,(8) Michigan,36,,Cincinnati,14,,
123,3,Sep 9 2017,3:30 PM,Sat,Michigan State,28,,Western Michigan,14,,
124,3,Sep 9 2017,3:30 PM,Sat,Middle Tennessee State,30,@,Syracuse,23,,
125,3,Sep 9 2017,10:00 PM,Sat,Minnesota,48,@,Oregon State,14,,
126,3,Sep 9 2017,12:00 PM,Sat,Mississippi,45,,Tennessee-Martin,23,,
127,3,Sep 9 2017,7:30 PM,Sat,Mississippi State,57,@,Louisiana Tech,21,,
128,3,Sep 9 2017,3:30 PM,Sat,Navy,23,,Tulane,21,,
129,3,Sep 9 2017,7:00 PM,Sat,Nevada-Las Vegas,44,@,Idaho,16,,
130,3,Sep 9 2017,4:00 PM,Sat,New Hampshire,22,,Georgia Southern,12,,
131,3,Sep 9 2017,8:00 PM,Sat,New Mexico State,30,@,New Mexico,28,,
132,3,Sep 9 2017,6:00 PM,Sat,North Carolina State,37,,Marshall,20,,
133,3,Sep 9 2017,3:30 PM,Sat,Northern Illinois,38,,Eastern Illinois,10,,
134,3,Sep 9 2017,7:30 PM,Sat,(5) Oklahoma,31,@,(2) Ohio State,16,,
135,3,Sep 9 2017,3:30 PM,Sat,Old Dominion,17,@,Massachusetts,7,,
136,3,Sep 9 2017,4:30 PM,Sat,Oregon,42,,Nebraska,35,,
137,3,Sep 9 2017,3:30 PM,Sat,(4) Penn State,33,,Pittsburgh,14,,
138,3,Sep 9 2017,8:00 PM,Sat,Rice,31,@,Texas-El Paso,14,,
139,3,Sep 9 2017,11:00 PM,Sat,San Diego State,30,@,Arizona State,20,,
140,3,Sep 9 2017,7:00 PM,Sat,South Carolina,31,@,Missouri,13,,
141,3,Sep 9 2017,6:00 PM,Sat,South Dakota,35,@,Bowling Green State,27,,
142,3,Sep 9 2017,8:30 PM,Sat,(6) Southern California,42,,(14) Stanford,24,,
143,3,Sep 9 2017,7:00 PM,Sat,Southern Methodist,54,,North Texas,32,,
144,3,Sep 9 2017,7:00 PM,Sat,Southern Mississippi,45,,Southern,0,,
145,3,Sep 9 2017,3:30 PM,Sat,Temple,16,,Villanova,13,,
146,3,Sep 9 2017,4:00 PM,Sat,(25) Tennessee,42,,Indiana State,7,,
147,3,Sep 9 2017,3:30 PM,Sat,Texas,56,,San Jose State,0,,
148,3,Sep 9 2017,7:00 PM,Sat,Texas A&M,24,,Nicholls State,14,,
149,3,Sep 9 2017,3:30 PM,Sat,(23) Texas Christian,28,@,Arkansas,7,,
150,3,Sep 9 2017,8:00 PM,Sat,Texas-San Antonio,17,@,Baylor,10,,
151,3,Sep 9 2017,7:00 PM,Sat,Toledo,37,@,Nevada,24,,
152,3,Sep 9 2017,6:00 PM,Sat,Troy,34,,Alabama State,7,,
153,3,Sep 9 2017,4:00 PM,Sat,Tulsa,66,,Louisiana,42,,
154,3,Sep 9 2017,5:00 PM,Sat,UCLA,56,,Hawaii,23,,
155,3,Sep 9 2017,10:15 PM,Sat,Utah,19,@,Brigham Young,13,,
156,3,Sep 9 2017,4:00 PM,Sat,Vanderbilt,42,,Alabama A&M,0,,
157,3,Sep 9 2017,3:30 PM,Sat,(18) Virginia Tech,27,,Delaware,0,,
158,3,Sep 9 2017,1:00 PM,Sat,Wake Forest,34,@,Boston College,10,,
159,3,Sep 9 2017,8:00 PM,Sat,(7) Washington,63,,Montana,7,,
160,3,Sep 9 2017,10:30 PM,Sat,(20) Washington State,47,,Boise State,44,,
161,3,Sep 9 2017,12:00 PM,Sat,West Virginia,56,,East Carolina,20,,
162,3,Sep 9 2017,12:00 PM,Sat,(9) Wisconsin,31,,Florida Atlantic,14,,
163,3,Sep 9 2017,4:00 PM,Sat,Wyoming,27,,Gardner-Webb,0,,
164,4,Sep 14 2017,8:00 PM,Thu,Boise State,28,,New Mexico,14,,
165,4,Sep 15 2017,10:15 PM,Fri,Arizona,63,@,Texas-El Paso,16,,
166,4,Sep 15 2017,7:00 PM,Fri,(22) South Florida,47,,Illinois,23,,
167,4,Sep 15 2017,7:00 PM,Fri,Temple,29,,Massachusetts,21,,
168,4,Sep 16 2017,7:00 PM,Sat,(1) Alabama,41,,Colorado State,23,,
169,4,Sep 16 2017,1:00 PM,Sat,Alabama-Birmingham,30,,Coastal Carolina,23,,
170,4,Sep 16 2017,7:00 PM,Sat,Appalachian State,20,@,Texas State,13,,
171,4,Sep 16 2017,7:00 PM,Sat,Arkansas State,48,,Arkansas-Pine Bluff,3,,
172,4,Sep 16 2017,4:00 PM,Sat,(15) Auburn,24,,Mercer,10,,
173,4,Sep 16 2017,3:00 PM,Sat,Ball State,28,,Tennessee Tech,13,,
174,4,Sep 16 2017,6:00 PM,Sat,Buffalo,33,,Colgate,10,,
175,4,Sep 16 2017,10:30 PM,Sat,California,27,,Mississippi,16,,
176,4,Sep 16 2017,8:00 PM,Sat,Cincinnati,21,@,Miami (OH),17,,
177,4,Sep 16 2017,8:00 PM,Sat,(3) Clemson,47,@,(14) Louisville,21,,
178,4,Sep 16 2017,2:00 PM,Sat,Colorado,41,,Northern Colorado,21,,
179,4,Sep 16 2017,12:30 PM,Sat,Duke,34,,Baylor,20,,
180,4,Sep 16 2017,3:30 PM,Sat,(24) Florida,26,,(23) Tennessee,20,,
181,4,Sep 16 2017,6:30 PM,Sat,Florida Atlantic,45,,Bethune-Cookman,0,,
182,4,Sep 16 2017,7:30 PM,Sat,(13) Georgia,42,,Samford,14,,
183,4,Sep 16 2017,8:00 PM,Sat,Houston,38,,Rice,3,,
184,4,Sep 16 2017,7:00 PM,Sat,Idaho State,30,@,Nevada,28,,
185,4,Sep 16 2017,3:30 PM,Sat,Iowa,31,,North Texas,14,,
186,4,Sep 16 2017,12:00 PM,Sat,Iowa State,41,@,Akron,14,,
187,4,Sep 16 2017,7:30 PM,Sat,Kentucky,23,@,South Carolina,13,,
188,4,Sep 16 2017,7:00 PM,Sat,Louisiana Tech,23,@,Western Kentucky,22,,
189,4,Sep 16 2017,6:30 PM,Sat,Marshall,21,,Kent State,0,,
190,4,Sep 16 2017,12:00 PM,Sat,Memphis,48,,(25) UCLA,45,,
191,4,Sep 16 2017,12:00 PM,Sat,(7) Michigan,29,,Air Force,13,,
192,4,Sep 16 2017,3:30 PM,Sat,Minnesota,34,,Middle Tennessee State,3,,
193,4,Sep 16 2017,7:00 PM,Sat,Mississippi State,37,,(12) Louisiana State,7,,
194,4,Sep 16 2017,3:30 PM,Sat,North Carolina,53,@,Old Dominion,23,,
195,4,Sep 16 2017,6:00 PM,Sat,North Carolina A&T,35,@,Charlotte,31,,
196,4,Sep 16 2017,12:20 PM,Sat,North Carolina State,49,,Furman,16,,
197,4,Sep 16 2017,12:00 PM,Sat,Northern Illinois,21,@,Nebraska,17,,
198,4,Sep 16 2017,7:30 PM,Sat,Northwestern,49,,Bowling Green State,7,,
199,4,Sep 16 2017,3:30 PM,Sat,Notre Dame,49,@,Boston College,20,,
200,4,Sep 16 2017,12:00 PM,Sat,Ohio,42,,Kansas,30,,
201,4,Sep 16 2017,4:30 PM,Sat,(8) Ohio State,38,,Army,7,,
202,4,Sep 16 2017,6:00 PM,Sat,(2) Oklahoma,56,,Tulane,14,,
203,4,Sep 16 2017,12:00 PM,Sat,(9) Oklahoma State,59,@,Pittsburgh,21,,
204,4,Sep 16 2017,7:00 PM,Sat,Oregon,49,@,Wyoming,13,,
205,4,Sep 16 2017,7:30 PM,Sat,(5) Penn State,56,,Georgia State,0,,
206,4,Sep 16 2017,4:00 PM,Sat,Purdue,35,@,Missouri,3,,
207,4,Sep 16 2017,3:30 PM,Sat,Rutgers,65,,Morgan State,0,,
208,4,Sep 16 2017,10:30 PM,Sat,San Diego State,20,,(19) Stanford,17,,
209,4,Sep 16 2017,7:00 PM,Sat,South Alabama,45,,Alabama A&M,0,,
210,4,Sep 16 2017,8:30 PM,Sat,(4) Southern California,27,,Texas,24,,
211,4,Sep 16 2017,7:00 PM,Sat,Southern Mississippi,28,@,Louisiana-Monroe,17,,
212,4,Sep 16 2017,3:30 PM,Sat,Syracuse,41,,Central Michigan,17,,
213,4,Sep 16 2017,12:00 PM,Sat,Texas A&M,45,,Louisiana,21,,
214,4,Sep 16 2017,3:30 PM,Sat,(20) Texas Christian,56,,Southern Methodist,36,,
215,4,Sep 16 2017,8:00 PM,Sat,Texas Tech,52,,Arizona State,45,,
216,4,Sep 16 2017,7:00 PM,Sat,Texas-San Antonio,51,,Southern,17,,
217,4,Sep 16 2017,7:00 PM,Sat,Toledo,54,,Tulsa,51,,
218,4,Sep 16 2017,8:00 PM,Sat,Troy,27,@,New Mexico State,24,,
219,4,Sep 16 2017,10:00 PM,Sat,Utah,54,,San Jose State,16,,
220,4,Sep 16 2017,7:30 PM,Sat,Vanderbilt,14,,(18) Kansas State,7,,
221,4,Sep 16 2017,12:00 PM,Sat,Virginia,38,,Connecticut,18,,
222,4,Sep 16 2017,3:30 PM,Sat,(16) Virginia Tech,64,@,East Carolina,17,,
223,4,Sep 16 2017,3:00 PM,Sat,Wake Forest,46,,Utah State,10,,
224,4,Sep 16 2017,9:30 PM,Sat,(6) Washington,48,,Fresno State,16,,
225,4,Sep 16 2017,5:30 PM,Sat,(21) Washington State,52,,Oregon State,23,,
226,4,Sep 16 2017,12:00 PM,Sat,West Virginia,59,,Delaware State,16,,
227,4,Sep 16 2017,7:00 PM,Sat,Western Michigan,37,,Idaho,28,,
228,4,Sep 16 2017,3:30 PM,Sat,(10) Wisconsin,40,@,Brigham Young,6,,
229,5,Sep 21 2017,7:30 PM,Thu,(21) South Florida,43,,Temple,7,,
230,5,Sep 22 2017,10:30 PM,Fri,(23) Utah,30,@,Arizona,24,,
231,5,Sep 22 2017,8:00 PM,Fri,Virginia,42,@,Boise State,23,,
232,5,Sep 23 2017,3:30 PM,Sat,(1) Alabama,59,@,Vanderbilt,0,,
233,5,Sep 23 2017,10:00 PM,Sat,Arizona State,37,,(24) Oregon,35,,
234,5,Sep 23 2017,7:30 PM,Sat,(15) Auburn,51,@,Missouri,14,,
235,5,Sep 23 2017,7:00 PM,Sat,Buffalo,34,,Florida Atlantic,31,,
236,5,Sep 23 2017,3:00 PM,Sat,Central Florida,38,@,Maryland,10,,
237,5,Sep 23 2017,3:30 PM,Sat,(2) Clemson,34,,Boston College,7,,
238,5,Sep 23 2017,3:30 PM,Sat,Duke,27,@,North Carolina,17,,
239,5,Sep 23 2017,7:30 PM,Sat,(20) Florida,28,@,Kentucky,27,,
240,5,Sep 23 2017,7:30 PM,Sat,Florida International,13,@,Rice,7,,
241,5,Sep 23 2017,7:00 PM,Sat,(11) Georgia,31,,(17) Mississippi State,3,,
242,5,Sep 23 2017,6:00 PM,Sat,Georgia State,28,@,Charlotte,0,,
243,5,Sep 23 2017,12:20 PM,Sat,Georgia Tech,35,,Pittsburgh,17,,
244,5,Sep 23 2017,2:00 PM,Sat,Idaho,29,@,South Alabama,23,,
245,5,Sep 23 2017,3:30 PM,Sat,Indiana,52,,Georgia Southern,17,,
246,5,Sep 23 2017,7:00 PM,Sat,(25) Louisiana State,35,,Syracuse,26,,
247,5,Sep 23 2017,5:00 PM,Sat,Louisiana-Monroe,56,@,Louisiana,50,,
248,5,Sep 23 2017,12:00 PM,Sat,(19) Louisville,42,,Kent State,3,,
249,5,Sep 23 2017,8:00 PM,Sat,Memphis,44,,Southern Illinois,31,,
250,5,Sep 23 2017,3:30 PM,Sat,(14) Miami (FL),52,,Toledo,30,,
251,5,Sep 23 2017,3:30 PM,Sat,Miami (OH),31,@,Central Michigan,14,,
252,5,Sep 23 2017,4:00 PM,Sat,(8) Michigan,28,@,Purdue,10,,
253,5,Sep 23 2017,7:00 PM,Sat,Middle Tennessee State,24,,Bowling Green State,13,,
254,5,Sep 23 2017,3:30 PM,Sat,Navy,42,,Cincinnati,32,,
255,5,Sep 23 2017,3:30 PM,Sat,Nebraska,27,,Rutgers,17,,
256,5,Sep 23 2017,1:30 PM,Sat,New Mexico,16,@,Tulsa,13,,
257,5,Sep 23 2017,8:00 PM,Sat,New Mexico State,41,,Texas-El Paso,14,,
258,5,Sep 23 2017,12:00 PM,Sat,North Carolina State,27,@,(12) Florida State,21,,
259,5,Sep 23 2017,6:30 PM,Sat,North Texas,46,,Alabama-Birmingham,43,,
260,5,Sep 23 2017,8:00 PM,Sat,Notre Dame,38,@,Michigan State,18,,
261,5,Sep 23 2017,2:00 PM,Sat,Ohio,27,@,Eastern Michigan,20,,
262,5,Sep 23 2017,12:00 PM,Sat,(10) Ohio State,54,,Nevada-Las Vegas,21,,
263,5,Sep 23 2017,6:30 PM,Sat,(3) Oklahoma,49,@,Baylor,41,,
264,5,Sep 23 2017,7:30 PM,Sat,(4) Penn State,21,@,Iowa,19,,
265,5,Sep 23 2017,7:00 PM,Sat,(22) San Diego State,28,@,Air Force,24,,
266,5,Sep 23 2017,3:30 PM,Sat,South Carolina,17,,Louisiana Tech,16,,
267,5,Sep 23 2017,3:30 PM,Sat,(5) Southern California,30,@,California,20,,
268,5,Sep 23 2017,7:00 PM,Sat,Southern Methodist,44,,Arkansas State,21,,
269,5,Sep 23 2017,10:30 PM,Sat,Stanford,58,,UCLA,34,,
270,5,Sep 23 2017,12:00 PM,Sat,Tennessee,17,,Massachusetts,13,,
271,5,Sep 23 2017,12:00 PM,Sat,Texas A&M,50,,Arkansas,43,,AT&T Stadium - Arlington Texas
272,5,Sep 23 2017,3:30 PM,Sat,(16) Texas Christian,44,@,(6) Oklahoma State,31,,
273,5,Sep 23 2017,12:00 PM,Sat,Texas Tech,27,@,Houston,24,,
274,5,Sep 23 2017,7:30 PM,Sat,Texas-San Antonio,44,@,Texas State,14,,
275,5,Sep 23 2017,6:00 PM,Sat,Troy,22,,Akron,17,,
276,5,Sep 23 2017,12:00 PM,Sat,Tulane,21,,Army,17,,
277,5,Sep 23 2017,7:30 PM,Sat,Utah State,61,@,San Jose State,10,,
278,5,Sep 23 2017,2:00 PM,Sat,(13) Virginia Tech,38,,Old Dominion,0,,
279,5,Sep 23 2017,3:30 PM,Sat,Wake Forest,20,@,Appalachian State,19,,
280,5,Sep 23 2017,10:00 PM,Sat,(7) Washington,37,@,Colorado,10,,
281,5,Sep 23 2017,6:00 PM,Sat,(18) Washington State,45,,Nevada,7,,
282,5,Sep 23 2017,12:00 PM,Sat,West Virginia,56,@,Kansas,34,,
283,5,Sep 23 2017,6:30 PM,Sat,Western Illinois,52,@,Coastal Carolina,10,,
284,5,Sep 23 2017,7:00 PM,Sat,Western Kentucky,33,,Ball State,21,,
285,5,Sep 23 2017,7:00 PM,Sat,Western Michigan,49,,Wagner,14,,
286,5,Sep 23 2017,10:15 PM,Sat,Wyoming,28,,Hawaii,21,,
287,5,Sep 24 2017,12:02 PM,Sun,East Carolina,41,@,Connecticut,38,,
288,6,Sep 28 2017,8:00 PM,Thu,Texas,17,@,Iowa State,7,,
289,6,Sep 29 2017,7:00 PM,Fri,(14) Miami (FL),31,@,Duke,6,,
290,6,Sep 29 2017,8:00 PM,Fri,Nebraska,28,@,Illinois,6,,
291,6,Sep 29 2017,8:00 PM,Fri,Utah State,40,,Brigham Young,24,,
292,6,Sep 29 2017,10:30 PM,Fri,(16) Washington State,30,,(5) Southern California,27,,
293,6,Sep 30 2017,6:00 PM,Sat,Akron,34,@,Bowling Green State,23,,
294,6,Sep 30 2017,9:00 PM,Sat,(1) Alabama,66,,Mississippi,3,,
295,6,Sep 30 2017,12:00 PM,Sat,Arkansas,42,,New Mexico State,24,,
296,6,Sep 30 2017,3:30 PM,Sat,Army,35,,Texas-El Paso,21,,
297,6,Sep 30 2017,6:00 PM,Sat,(13) Auburn,49,,(24) Mississippi State,10,,
298,6,Sep 30 2017,1:00 PM,Sat,Boston College,28,,Central Michigan,8,,
299,6,Sep 30 2017,3:30 PM,Sat,Buffalo,27,@,Kent State,13,,
300,6,Sep 30 2017,7:00 PM,Sat,Central Florida,40,,Memphis,13,,
301,6,Sep 30 2017,8:00 PM,Sat,(2) Clemson,31,@,(12) Virginia Tech,17,,
302,6,Sep 30 2017,11:59 PM,Sat,Colorado State,51,@,Hawaii,21,,
303,6,Sep 30 2017,12:00 PM,Sat,(21) Florida,38,,Vanderbilt,24,,
304,6,Sep 30 2017,7:00 PM,Sat,Florida Atlantic,38,,Middle Tennessee State,20,,
305,6,Sep 30 2017,7:00 PM,Sat,Florida International,30,,Charlotte,29,,
306,6,Sep 30 2017,3:30 PM,Sat,Florida State,26,@,Wake Forest,19,,
307,6,Sep 30 2017,10:00 PM,Sat,Fresno State,41,,Nevada,21,,
308,6,Sep 30 2017,3:30 PM,Sat,(7) Georgia,41,@,Tennessee,0,,
309,6,Sep 30 2017,12:00 PM,Sat,Georgia Tech,33,,North Carolina,7,,
310,6,Sep 30 2017,12:00 PM,Sat,Houston,20,@,Temple,13,,
311,6,Sep 30 2017,3:30 PM,Sat,Kansas State,33,,Baylor,20,,
312,6,Sep 30 2017,4:00 PM,Sat,Kentucky,24,,Eastern Michigan,20,,
313,6,Sep 30 2017,7:00 PM,Sat,Louisiana Tech,34,,South Alabama,16,,
314,6,Sep 30 2017,7:00 PM,Sat,Louisiana-Monroe,51,,Coastal Carolina,43,,
315,6,Sep 30 2017,3:30 PM,Sat,(17) Louisville,55,,Murray State,10,,
316,6,Sep 30 2017,7:00 PM,Sat,Marshall,38,@,Cincinnati,21,,
317,6,Sep 30 2017,12:00 PM,Sat,Maryland,31,@,Minnesota,24,,
318,6,Sep 30 2017,4:00 PM,Sat,Michigan State,17,,Iowa,10,,
319,6,Sep 30 2017,3:30 PM,Sat,Navy,31,@,Tulsa,21,,
320,6,Sep 30 2017,10:30 PM,Sat,Nevada-Las Vegas,41,,San Jose State,13,,
321,6,Sep 30 2017,7:00 PM,Sat,New Mexico,56,,Air Force,38,,
322,6,Sep 30 2017,12:20 PM,Sat,North Carolina State,33,,Syracuse,25,,
323,6,Sep 30 2017,7:00 PM,Sat,North Texas,43,@,Southern Mississippi,28,,
324,6,Sep 30 2017,5:00 PM,Sat,(22) Notre Dame,52,,Miami (OH),17,,
325,6,Sep 30 2017,3:30 PM,Sat,Ohio,58,@,Massachusetts,50,,
326,6,Sep 30 2017,7:30 PM,Sat,(11) Ohio State,56,@,Rutgers,0,,
327,6,Sep 30 2017,8:00 PM,Sat,(15) Oklahoma State,41,@,Texas Tech,34,,
328,6,Sep 30 2017,10:30 PM,Sat,Oregon,45,,California,24,,
329,6,Sep 30 2017,3:30 PM,Sat,(4) Penn State,45,,Indiana,14,,
330,6,Sep 30 2017,12:00 PM,Sat,Pittsburgh,42,,Rice,10,,
331,6,Sep 30 2017,10:30 PM,Sat,(19) San Diego State,34,,Northern Illinois,28,,
332,6,Sep 30 2017,12:00 PM,Sat,(18) South Florida,61,@,East Carolina,31,,
333,6,Sep 30 2017,4:00 PM,Sat,Southern Methodist,49,,Connecticut,28,,
334,6,Sep 30 2017,4:00 PM,Sat,Stanford,34,,Arizona State,24,,
335,6,Sep 30 2017,7:30 PM,Sat,Texas A&M,24,,South Carolina,17,,
336,6,Sep 30 2017,7:00 PM,Sat,Troy,24,@,(25) Louisiana State,21,,
337,6,Sep 30 2017,10:30 PM,Sat,UCLA,27,,Colorado,23,,
338,6,Sep 30 2017,8:00 PM,Sat,(6) Washington,42,@,Oregon State,7,,
339,6,Sep 30 2017,7:00 PM,Sat,Western Michigan,55,,Ball State,3,,
340,6,Sep 30 2017,12:00 PM,Sat,(10) Wisconsin,33,,Northwestern,24,,
341,6,Sep 30 2017,4:00 PM,Sat,Wyoming,45,,Texas State,10,,
342,7,Oct 4 2017,8:00 PM,Wed,Arkansas State,43,@,Georgia Southern,25,,
343,7,Oct 5 2017,8:00 PM,Thu,(24) North Carolina State,39,,(17) Louisville,25,,
344,7,Oct 6 2017,10:15 PM,Fri,Boise State,24,@,Brigham Young,7,,
345,7,Oct 6 2017,7:00 PM,Fri,Memphis,70,@,Connecticut,31,,
346,7,Oct 7 2017,3:30 PM,Sat,Akron,31,,Ball State,3,,
347,7,Oct 7 2017,7:15 PM,Sat,(1) Alabama,27,@,Texas A&M,19,,
348,7,Oct 7 2017,4:00 PM,Sat,Alabama-Birmingham,23,,Louisiana Tech,22,,
349,7,Oct 7 2017,3:30 PM,Sat,Appalachian State,45,,New Mexico State,31,,
350,7,Oct 7 2017,8:00 PM,Sat,Arizona,45,@,Colorado,42,,
351,7,Oct 7 2017,6:30 PM,Sat,Army,49,@,Rice,12,,
352,7,Oct 7 2017,12:00 PM,Sat,(12) Auburn,44,,Mississippi,23,,
353,7,Oct 7 2017,2:30 PM,Sat,Bowling Green State,37,@,Miami (OH),29,,
354,7,Oct 7 2017,8:00 PM,Sat,(25) Central Florida,51,@,Cincinnati,23,,
355,7,Oct 7 2017,2:00 PM,Sat,Central Michigan,26,@,Ohio,23,,
356,7,Oct 7 2017,12:00 PM,Sat,(2) Clemson,28,,Wake Forest,14,,
357,7,Oct 7 2017,4:30 PM,Sat,Colorado State,27,@,Utah State,14,,
358,7,Oct 7 2017,6:00 PM,Sat,Florida Atlantic,58,@,Old Dominion,28,,
359,7,Oct 7 2017,7:30 PM,Sat,Fresno State,27,@,San Jose State,10,,
360,7,Oct 7 2017,12:00 PM,Sat,(5) Georgia,45,@,Vanderbilt,14,,
361,7,Oct 7 2017,6:30 PM,Sat,Georgia State,27,@,Coastal Carolina,21,,
362,7,Oct 7 2017,7:00 PM,Sat,Houston,35,,Southern Methodist,22,,
363,7,Oct 7 2017,3:30 PM,Sat,Indiana,27,,Charleston Southern,0,,
364,7,Oct 7 2017,12:00 PM,Sat,Iowa,45,,Illinois,16,,
365,7,Oct 7 2017,12:00 PM,Sat,Iowa State,38,@,(3) Oklahoma,31,,
366,7,Oct 7 2017,7:30 PM,Sat,Kentucky,40,,Missouri,34,,
367,7,Oct 7 2017,5:00 PM,Sat,Louisiana,21,@,Idaho,16,,
368,7,Oct 7 2017,3:30 PM,Sat,Louisiana State,17,@,(21) Florida,16,,
369,7,Oct 7 2017,3:00 PM,Sat,Louisiana-Monroe,45,@,Texas State,27,,
370,7,Oct 7 2017,6:00 PM,Sat,Marshall,14,@,Charlotte,3,,
371,7,Oct 7 2017,3:30 PM,Sat,(13) Miami (FL),24,@,Florida State,20,,
372,7,Oct 7 2017,7:30 PM,Sat,Michigan State,14,@,(7) Michigan,10,,
373,7,Oct 7 2017,3:00 PM,Sat,Middle Tennessee State,37,,Florida International,17,,
374,7,Oct 7 2017,3:30 PM,Sat,Navy,48,,Air Force,45,,
375,7,Oct 7 2017,10:30 PM,Sat,Nevada,35,,Hawaii,21,,
376,7,Oct 7 2017,3:30 PM,Sat,Northern Illinois,24,,Kent State,3,,
377,7,Oct 7 2017,3:30 PM,Sat,(21) Notre Dame,33,@,North Carolina,10,,
378,7,Oct 7 2017,4:00 PM,Sat,(10) Ohio State,62,,Maryland,14,,
379,7,Oct 7 2017,12:00 PM,Sat,(4) Penn State,31,@,Northwestern,7,,
380,7,Oct 7 2017,3:30 PM,Sat,Purdue,31,,Minnesota,17,,
381,7,Oct 7 2017,10:45 PM,Sat,(19) San Diego State,41,@,Nevada-Las Vegas,10,,
382,7,Oct 7 2017,4:00 PM,Sat,South Carolina,48,,Arkansas,22,,
383,7,Oct 7 2017,4:00 PM,Sat,(14) Southern California,38,,Oregon State,10,,
384,7,Oct 7 2017,7:00 PM,Sat,Southern Mississippi,31,@,Texas-San Antonio,29,,
385,7,Oct 7 2017,10:15 PM,Sat,Stanford,23,@,(20) Utah,20,,
386,7,Oct 7 2017,12:30 PM,Sat,Syracuse,27,,Pittsburgh,24,,
387,7,Oct 7 2017,12:00 PM,Sat,Temple,34,@,East Carolina,10,,
388,7,Oct 7 2017,7:00 PM,Sat,Texas,40,,Kansas State,34,,
389,7,Oct 7 2017,3:30 PM,Sat,(8) Texas Christian,31,,(23) West Virginia,24,,
390,7,Oct 7 2017,12:00 PM,Sat,Texas Tech,65,@,Kansas,19,,
391,7,Oct 7 2017,12:00 PM,Sat,Toledo,20,,Eastern Michigan,15,,
392,7,Oct 7 2017,11:00 AM,Sat,Tulane,62,,Tulsa,28,,
393,7,Oct 7 2017,12:20 PM,Sat,Virginia,28,,Duke,21,,
394,7,Oct 7 2017,7:15 PM,Sat,(16) Virginia Tech,23,@,Boston College,10,,
395,7,Oct 7 2017,10:45 PM,Sat,(6) Washington,38,,California,7,,
396,7,Oct 7 2017,8:00 PM,Sat,(11) Washington State,33,@,Oregon,10,,
397,7,Oct 7 2017,8:00 PM,Sat,Western Kentucky,15,@,Texas-El Paso,14,,
398,7,Oct 7 2017,3:30 PM,Sat,Western Michigan,71,@,Buffalo,68,,
399,7,Oct 7 2017,8:00 PM,Sat,(9) Wisconsin,38,@,Nebraska,17,,
400,8,Oct 11 2017,8:00 PM,Wed,South Alabama,19,@,Troy,8,,
401,8,Oct 12 2017,7:30 PM,Thu,Louisiana,24,,Texas State,7,,
402,8,Oct 13 2017,10:30 PM,Fri,California,37,,(8) Washington State,3,,
403,8,Oct 13 2017,7:00 PM,Fri,Syracuse,27,,(2) Clemson,24,,
404,8,Oct 14 2017,2:00 PM,Sat,Air Force,34,,Nevada-Las Vegas,30,,
405,8,Oct 14 2017,7:15 PM,Sat,(1) Alabama,41,,Arkansas,9,,
406,8,Oct 14 2017,6:30 PM,Sat,Alabama-Birmingham,25,,Middle Tennessee State,23,,
407,8,Oct 14 2017,5:00 PM,Sat,Appalachian State,23,@,Idaho,20,,
408,8,Oct 14 2017,9:00 PM,Sat,Arizona,47,,UCLA,30,,
409,8,Oct 14 2017,10:45 PM,Sat,Arizona State,13,,(5) Washington,7,,
410,8,Oct 14 2017,7:00 PM,Sat,Arkansas State,51,,Coastal Carolina,17,,
411,8,Oct 14 2017,12:00 PM,Sat,Army,28,,Eastern Michigan,27,,
412,8,Oct 14 2017,10:30 PM,Sat,Boise State,31,@,(19) San Diego State,14,,
413,8,Oct 14 2017,12:20 PM,Sat,Boston College,45,@,Louisville,42,,
414,8,Oct 14 2017,7:00 PM,Sat,(22) Central Florida,63,,East Carolina,21,,
415,8,Oct 14 2017,4:00 PM,Sat,Colorado,36,@,Oregon State,33,,
416,8,Oct 14 2017,10:15 PM,Sat,Colorado State,44,,Nevada,42,,
417,8,Oct 14 2017,12:00 PM,Sat,Connecticut,28,@,Temple,24,,
418,8,Oct 14 2017,7:00 PM,Sat,Florida International,23,,Tulane,10,,
419,8,Oct 14 2017,12:00 PM,Sat,Florida State,17,@,Duke,10,,
420,8,Oct 14 2017,10:00 PM,Sat,Fresno State,38,,New Mexico,0,,
421,8,Oct 14 2017,7:30 PM,Sat,(4) Georgia,53,,Missouri,28,,
422,8,Oct 14 2017,5:00 PM,Sat,Georgia State,47,@,Louisiana-Monroe,37,,
423,8,Oct 14 2017,11:59 PM,Sat,Hawaii,37,,San Jose State,26,,
424,8,Oct 14 2017,12:00 PM,Sat,Iowa State,45,,Kansas,0,,
425,8,Oct 14 2017,3:30 PM,Sat,Kent State,17,,Miami (OH),14,,
426,8,Oct 14 2017,3:30 PM,Sat,Louisiana State,27,,(10) Auburn,23,,
427,8,Oct 14 2017,2:30 PM,Sat,Marshall,35,,Old Dominion,3,,
428,8,Oct 14 2017,3:45 PM,Sat,Memphis,30,,(25) Navy,27,,
429,8,Oct 14 2017,3:30 PM,Sat,(11) Miami (FL),25,,Georgia Tech,24,,
430,8,Oct 14 2017,12:00 PM,Sat,(17) Michigan,27,@,Indiana,20,,
431,8,Oct 14 2017,8:00 PM,Sat,(21) Michigan State,30,@,Minnesota,27,,
432,8,Oct 14 2017,3:30 PM,Sat,Mississippi,57,,Vanderbilt,35,,
433,8,Oct 14 2017,12:00 PM,Sat,Mississippi State,35,,Brigham Young,10,,
434,8,Oct 14 2017,6:00 PM,Sat,New Mexico State,35,@,Georgia Southern,27,,
435,8,Oct 14 2017,12:00 PM,Sat,(20) North Carolina State,35,@,Pittsburgh,17,,
436,8,Oct 14 2017,7:00 PM,Sat,North Texas,29,,Texas-San Antonio,26,,
437,8,Oct 14 2017,3:30 PM,Sat,Northern Illinois,14,@,Buffalo,13,,
438,8,Oct 14 2017,3:30 PM,Sat,Northwestern,37,@,Maryland,21,,
439,8,Oct 14 2017,3:30 PM,Sat,Ohio,48,@,Bowling Green State,30,,
440,8,Oct 14 2017,7:30 PM,Sat,(9) Ohio State,56,@,Nebraska,14,,
441,8,Oct 14 2017,3:30 PM,Sat,(12) Oklahoma,29,,Texas,24,,Cotton Bowl - Dallas Texas
442,8,Oct 14 2017,3:30 PM,Sat,(14) Oklahoma State,59,,Baylor,16,,
443,8,Oct 14 2017,12:00 PM,Sat,Rutgers,35,@,Illinois,24,,
444,8,Oct 14 2017,12:00 PM,Sat,South Carolina,15,@,Tennessee,9,,
445,8,Oct 14 2017,7:30 PM,Sat,(18) South Florida,33,,Cincinnati,3,,
446,8,Oct 14 2017,8:00 PM,Sat,(13) Southern California,28,,Utah,27,,
447,8,Oct 14 2017,7:00 PM,Sat,Southern Mississippi,24,,Texas-El Paso,0,,
448,8,Oct 14 2017,11:00 PM,Sat,(23) Stanford,49,,Oregon,7,,
449,8,Oct 14 2017,7:00 PM,Sat,Texas A&M,19,@,Florida,17,,
450,8,Oct 14 2017,12:00 PM,Sat,(6) Texas Christian,26,@,Kansas State,6,,
451,8,Oct 14 2017,3:30 PM,Sat,Toledo,30,@,Central Michigan,10,,
452,8,Oct 14 2017,4:00 PM,Sat,Tulsa,45,,Houston,17,,
453,8,Oct 14 2017,3:30 PM,Sat,Virginia,20,@,North Carolina,14,,
454,8,Oct 14 2017,12:00 PM,Sat,West Virginia,46,,(24) Texas Tech,35,,
455,8,Oct 14 2017,4:30 PM,Sat,Western Kentucky,45,,Charlotte,14,,
456,8,Oct 14 2017,3:30 PM,Sat,(7) Wisconsin,17,,Purdue,9,,
457,8,Oct 14 2017,4:30 PM,Sat,Wyoming,28,@,Utah State,23,,
458,8,Oct 15 2017,1:00 PM,Sun,Akron,14,@,Western Michigan,13,,
459,9,Oct 19 2017,7:30 PM,Thu,Arkansas State,47,,Louisiana,3,,
460,9,Oct 19 2017,8:00 PM,Thu,(25) Memphis,42,@,Houston,38,,
461,9,Oct 20 2017,9:30 PM,Fri,Air Force,45,@,Nevada,42,,
462,9,Oct 20 2017,10:15 PM,Fri,Colorado State,27,@,New Mexico,24,,
463,9,Oct 20 2017,7:00 PM,Fri,Marshall,38,@,Middle Tennessee State,10,,
464,9,Oct 20 2017,6:00 PM,Fri,Western Kentucky,35,@,Old Dominion,31,,
465,9,Oct 21 2017,3:30 PM,Sat,(1) Alabama,45,,Tennessee,7,,
466,9,Oct 21 2017,3:30 PM,Sat,Appalachian State,37,,Coastal Carolina,29,,
467,9,Oct 21 2017,8:00 PM,Sat,Arizona,45,@,California,44,,
468,9,Oct 21 2017,3:30 PM,Sat,Arizona State,30,@,Utah,10,,
469,9,Oct 21 2017,12:00 PM,Sat,Army,31,,Temple,28,,
470,9,Oct 21 2017,7:30 PM,Sat,(21) Auburn,52,@,Arkansas,20,,
471,9,Oct 21 2017,10:15 PM,Sat,Boise State,24,,Wyoming,14,,
472,9,Oct 21 2017,12:30 PM,Sat,Boston College,41,@,Virginia,10,,
473,9,Oct 21 2017,3:30 PM,Sat,(20) Central Florida,31,@,Navy,21,,
474,9,Oct 21 2017,3:00 PM,Sat,Central Michigan,56,@,Ball State,9,,
475,9,Oct 21 2017,6:30 PM,Sat,Charlotte,25,,Alabama-Birmingham,24,,
476,9,Oct 21 2017,12:00 PM,Sat,Connecticut,20,,Tulsa,14,,
477,9,Oct 21 2017,7:00 PM,Sat,East Carolina,33,,Brigham Young,17,,
478,9,Oct 21 2017,5:00 PM,Sat,Florida Atlantic,69,,North Texas,31,,
479,9,Oct 21 2017,10:30 PM,Sat,Fresno State,27,@,San Diego State,3,,
480,9,Oct 21 2017,7:30 PM,Sat,Georgia Tech,38,,Wake Forest,24,,
481,9,Oct 21 2017,12:00 PM,Sat,Iowa State,31,@,Texas Tech,13,,
482,9,Oct 21 2017,7:15 PM,Sat,(24) Louisiana State,40,@,Mississippi,24,,
483,9,Oct 21 2017,12:00 PM,Sat,Louisville,31,@,Florida State,28,,
484,9,Oct 21 2017,3:30 PM,Sat,Massachusetts,55,,Georgia Southern,20,,
485,9,Oct 21 2017,3:30 PM,Sat,(8) Miami (FL),27,,Syracuse,19,,
486,9,Oct 21 2017,2:30 PM,Sat,Miami (OH),24,,Buffalo,14,,
487,9,Oct 21 2017,3:30 PM,Sat,(18) Michigan State,17,,Indiana,9,,
488,9,Oct 21 2017,3:30 PM,Sat,Minnesota,24,,Illinois,17,,
489,9,Oct 21 2017,4:00 PM,Sat,Mississippi State,45,,Kentucky,7,,
490,9,Oct 21 2017,12:00 PM,Sat,Missouri,68,,Idaho,21,,
491,9,Oct 21 2017,2:00 PM,Sat,Northern Illinois,48,@,Bowling Green State,17,,
492,9,Oct 21 2017,12:00 PM,Sat,Northwestern,17,,Iowa,10,,
493,9,Oct 21 2017,7:30 PM,Sat,(13) Notre Dame,49,,(11) Southern California,14,,
494,9,Oct 21 2017,2:00 PM,Sat,Ohio,48,,Kent State,3,,
495,9,Oct 21 2017,4:00 PM,Sat,(9) Oklahoma,42,@,Kansas State,35,,
496,9,Oct 21 2017,12:00 PM,Sat,(10) Oklahoma State,13,@,Texas,10,,
497,9,Oct 21 2017,7:30 PM,Sat,(2) Penn State,42,,(19) Michigan,13,,
498,9,Oct 21 2017,12:20 PM,Sat,Pittsburgh,24,@,Duke,17,,
499,9,Oct 21 2017,12:00 PM,Sat,Rutgers,14,,Purdue,12,,
500,9,Oct 21 2017,5:00 PM,Sat,South Alabama,33,,Louisiana-Monroe,23,,
501,9,Oct 21 2017,7:00 PM,Sat,(16) South Florida,34,@,Tulane,28,,
502,9,Oct 21 2017,4:00 PM,Sat,Southern Methodist,31,@,Cincinnati,28,,
503,9,Oct 21 2017,7:00 PM,Sat,Southern Mississippi,34,@,Louisiana Tech,27,,
504,9,Oct 21 2017,8:00 PM,Sat,(4) Texas Christian,43,,Kansas,0,,
505,9,Oct 21 2017,7:00 PM,Sat,Texas-San Antonio,20,,Rice,7,,
506,9,Oct 21 2017,12:00 PM,Sat,Toledo,48,,Akron,21,,
507,9,Oct 21 2017,2:00 PM,Sat,Troy,34,@,Georgia State,10,,
508,9,Oct 21 2017,4:00 PM,Sat,UCLA,31,,Oregon,14,,
509,9,Oct 21 2017,6:00 PM,Sat,Utah State,52,@,Nevada-Las Vegas,28,,
510,9,Oct 21 2017,3:30 PM,Sat,(14) Virginia Tech,59,,North Carolina,7,,
511,9,Oct 21 2017,10:45 PM,Sat,(15) Washington State,28,,Colorado,0,,
512,9,Oct 21 2017,8:00 PM,Sat,(23) West Virginia,38,@,Baylor,36,,
513,9,Oct 21 2017,2:00 PM,Sat,Western Michigan,20,@,Eastern Michigan,17,,
514,9,Oct 21 2017,12:00 PM,Sat,(5) Wisconsin,38,,Maryland,13,,
515,10,Oct 26 2017,7:30 PM,Thu,Georgia State,21,,South Alabama,13,,
516,10,Oct 26 2017,7:00 PM,Thu,Northern Illinois,30,,Eastern Michigan,27,,
517,10,Oct 26 2017,9:00 PM,Thu,(20) Stanford,15,@,Oregon State,14,,
518,10,Oct 26 2017,7:00 PM,Thu,Toledo,58,@,Ball State,17,,
519,10,Oct 27 2017,8:00 PM,Fri,Boston College,35,,Florida State,3,,
520,10,Oct 27 2017,8:00 PM,Fri,(24) Memphis,56,,Tulane,26,,
521,10,Oct 27 2017,9:00 PM,Fri,Southern Methodist,38,,Tulsa,34,,
522,10,Oct 28 2017,3:00 PM,Sat,Air Force,45,@,Colorado State,28,,
523,10,Oct 28 2017,11:30 AM,Sat,Akron,21,,Buffalo,20,,
524,10,Oct 28 2017,7:00 PM,Sat,Alabama-Birmingham,30,@,Southern Mississippi,12,,
525,10,Oct 28 2017,9:30 PM,Sat,Arizona,58,,(15) Washington State,37,,
526,10,Oct 28 2017,12:00 PM,Sat,Arkansas,38,@,Mississippi,37,,
527,10,Oct 28 2017,8:00 PM,Sat,Arkansas State,37,@,New Mexico State,21,,
528,10,Oct 28 2017,10:00 PM,Sat,Boise State,41,@,Utah State,14,,
529,10,Oct 28 2017,3:00 PM,Sat,Brigham Young,41,,San Jose State,20,,
530,10,Oct 28 2017,5:00 PM,Sat,(18) Central Florida,73,,Austin Peay,33,,
531,10,Oct 28 2017,8:00 PM,Sat,(7) Clemson,24,,Georgia Tech,10,,
532,10,Oct 28 2017,2:00 PM,Sat,Colorado,44,,California,28,,
533,10,Oct 28 2017,4:30 PM,Sat,Florida Atlantic,42,@,Western Kentucky,28,,
534,10,Oct 28 2017,2:30 PM,Sat,Florida International,41,@,Marshall,30,,
535,10,Oct 28 2017,3:30 PM,Sat,(3) Georgia,42,,Florida,7,,EverBank Field - Jacksonville Florida
536,10,Oct 28 2017,3:45 PM,Sat,Houston,28,@,(17) South Florida,24,,
537,10,Oct 28 2017,5:00 PM,Sat,Idaho,31,,Louisiana-Monroe,23,,
538,10,Oct 28 2017,6:30 PM,Sat,Iowa,17,,Minnesota,10,,
539,10,Oct 28 2017,3:30 PM,Sat,(25) Iowa State,14,,(4) Texas Christian,7,,
540,10,Oct 28 2017,3:00 PM,Sat,Kansas State,30,@,Kansas,20,,
541,10,Oct 28 2017,7:30 PM,Sat,Kentucky,29,,Tennessee,26,,
542,10,Oct 28 2017,3:30 PM,Sat,Louisiana Tech,42,@,Rice,28,,
543,10,Oct 28 2017,3:30 PM,Sat,Maryland,42,,Indiana,39,,
544,10,Oct 28 2017,3:30 PM,Sat,Massachusetts,30,,Appalachian State,27,,
545,10,Oct 28 2017,12:00 PM,Sat,(8) Miami (FL),24,@,North Carolina,19,,
546,10,Oct 28 2017,12:00 PM,Sat,Michigan,35,,Rutgers,14,,
547,10,Oct 28 2017,7:15 PM,Sat,Mississippi State,35,@,Texas A&M,14,,
548,10,Oct 28 2017,6:30 PM,Sat,Missouri,52,@,Connecticut,12,,
549,10,Oct 28 2017,7:30 PM,Sat,Nebraska,25,@,Purdue,24,,
550,10,Oct 28 2017,10:00 PM,Sat,Nevada-Las Vegas,26,@,Fresno State,16,,
551,10,Oct 28 2017,6:30 PM,Sat,North Texas,45,,Old Dominion,38,,
552,10,Oct 28 2017,3:30 PM,Sat,Northwestern,39,,(16) Michigan State,31,,
553,10,Oct 28 2017,3:30 PM,Sat,(9) Notre Dame,35,,(14) North Carolina State,14,,
554,10,Oct 28 2017,3:30 PM,Sat,(6) Ohio State,39,,(2) Penn State,38,,
555,10,Oct 28 2017,8:00 PM,Sat,(10) Oklahoma,49,,Texas Tech,27,,
556,10,Oct 28 2017,12:00 PM,Sat,(11) Oklahoma State,50,@,(22) West Virginia,39,,
557,10,Oct 28 2017,5:45 PM,Sat,Oregon,41,,Utah,20,,
558,10,Oct 28 2017,12:30 PM,Sat,Pittsburgh,31,,Virginia,14,,
559,10,Oct 28 2017,11:15 PM,Sat,San Diego State,28,@,Hawaii,7,,
560,10,Oct 28 2017,4:00 PM,Sat,South Carolina,34,,Vanderbilt,27,,
561,10,Oct 28 2017,10:45 PM,Sat,(21) Southern California,48,@,Arizona State,17,,
562,10,Oct 28 2017,12:00 PM,Sat,Texas,38,@,Baylor,7,,
563,10,Oct 28 2017,6:00 PM,Sat,Texas State,27,@,Coastal Carolina,7,,
564,10,Oct 28 2017,8:00 PM,Sat,Texas-San Antonio,31,@,Texas-El Paso,14,,
565,10,Oct 28 2017,3:30 PM,Sat,Troy,38,,Georgia Southern,16,,
566,10,Oct 28 2017,7:20 PM,Sat,(13) Virginia Tech,24,,Duke,3,,
567,10,Oct 28 2017,12:20 PM,Sat,Wake Forest,42,,Louisville,32,,
568,10,Oct 28 2017,3:30 PM,Sat,(12) Washington,44,,UCLA,23,,
569,10,Oct 28 2017,12:00 PM,Sat,(5) Wisconsin,24,@,Illinois,10,,
570,10,Oct 28 2017,7:30 PM,Sat,Wyoming,42,,New Mexico,3,,
571,11,Oct 31 2017,8:00 PM,Tue,Bowling Green State,44,@,Kent State,16,,
572,11,Oct 31 2017,8:00 PM,Tue,Ohio,45,,Miami (OH),28,,
573,11,Nov 1 2017,8:00 PM,Wed,Central Michigan,35,@,Western Michigan,28,,
574,11,Nov 2 2017,6:00 PM,Thu,Eastern Michigan,56,,Ball State,14,,
575,11,Nov 2 2017,8:00 PM,Thu,Temple,34,,Navy,26,,
576,11,Nov 2 2017,6:00 PM,Thu,Toledo,27,,Northern Illinois,17,,
577,11,Nov 2 2017,9:15 PM,Thu,Troy,24,,Idaho,21,,
578,11,Nov 3 2017,6:00 PM,Fri,Florida Atlantic,30,,Marshall,25,,
579,11,Nov 3 2017,8:00 PM,Fri,(22) Memphis,41,@,Tulsa,14,,
580,11,Nov 3 2017,12:00 PM,Fri,Temple,34,,Navy,26,,
581,11,Nov 3 2017,9:30 PM,Fri,Utah,48,,UCLA,17,,
582,11,Nov 4 2017,8:00 PM,Sat,(1) Alabama,24,,(19) Louisiana State,10,,
583,11,Nov 4 2017,3:00 PM,Sat,Alabama-Birmingham,52,,Rice,21,,
584,11,Nov 4 2017,9:00 PM,Sat,Arizona State,41,,Colorado,30,,
585,11,Nov 4 2017,4:00 PM,Sat,Arkansas,39,,Coastal Carolina,38,,
586,11,Nov 4 2017,3:30 PM,Sat,Army,21,@,Air Force,0,,
587,11,Nov 4 2017,12:00 PM,Sat,(16) Auburn,42,@,Texas A&M,27,,
588,11,Nov 4 2017,12:00 PM,Sat,Baylor,38,@,Kansas,9,,
589,11,Nov 4 2017,7:00 PM,Sat,Boise State,41,,Nevada,14,,
590,11,Nov 4 2017,5:00 PM,Sat,California,37,,Oregon State,23,,
591,11,Nov 4 2017,7:15 PM,Sat,(15) Central Florida,31,@,Southern Methodist,24,,
592,11,Nov 4 2017,4:00 PM,Sat,Cincinnati,17,@,Tulane,16,,
593,11,Nov 4 2017,3:30 PM,Sat,(6) Clemson,38,@,(20) North Carolina State,31,,
594,11,Nov 4 2017,7:00 PM,Sat,Florida International,14,,Texas-San Antonio,7,,
595,11,Nov 4 2017,12:20 PM,Sat,Florida State,27,,Syracuse,24,,
596,11,Nov 4 2017,10:45 PM,Sat,Fresno State,20,,Brigham Young,13,,
597,11,Nov 4 2017,3:30 PM,Sat,(2) Georgia,24,,South Carolina,10,,
598,11,Nov 4 2017,3:00 PM,Sat,Georgia State,21,@,Georgia Southern,17,,
599,11,Nov 4 2017,12:00 PM,Sat,Houston,52,,East Carolina,27,,
600,11,Nov 4 2017,3:30 PM,Sat,Iowa,55,,(3) Ohio State,24,,
601,11,Nov 4 2017,12:00 PM,Sat,Kansas State,42,@,Texas Tech,35,,
602,11,Nov 4 2017,4:00 PM,Sat,Louisiana,19,@,South Alabama,14,,
603,11,Nov 4 2017,3:00 PM,Sat,Louisiana-Monroe,52,,Appalachian State,45,,
604,11,Nov 4 2017,8:00 PM,Sat,(9) Miami (FL),28,,(13) Virginia Tech,10,,
605,11,Nov 4 2017,7:30 PM,Sat,Michigan,33,,Minnesota,10,,
606,11,Nov 4 2017,12:00 PM,Sat,(24) Michigan State,27,,(7) Penn State,24,,
607,11,Nov 4 2017,7:30 PM,Sat,Middle Tennessee State,30,,Texas-El Paso,3,,
608,11,Nov 4 2017,4:00 PM,Sat,Mississippi,37,@,Kentucky,34,,
609,11,Nov 4 2017,12:00 PM,Sat,(21) Mississippi State,34,,Massachusetts,23,,
610,11,Nov 4 2017,12:00 PM,Sat,Missouri,45,,Florida,16,,
611,11,Nov 4 2017,6:00 PM,Sat,Nevada-Las Vegas,31,,Hawaii,23,,
612,11,Nov 4 2017,3:00 PM,Sat,New Mexico State,45,@,Texas State,35,,
613,11,Nov 4 2017,3:30 PM,Sat,North Texas,24,@,Louisiana Tech,23,,
614,11,Nov 4 2017,3:30 PM,Sat,Northwestern,31,@,Nebraska,24,,
615,11,Nov 4 2017,3:30 PM,Sat,(5) Notre Dame,48,,Wake Forest,37,,
616,11,Nov 4 2017,4:00 PM,Sat,(8) Oklahoma,62,@,(11) Oklahoma State,52,,
617,11,Nov 4 2017,3:30 PM,Sat,Old Dominion,6,,Charlotte,0,,
618,11,Nov 4 2017,12:00 PM,Sat,Purdue,29,,Illinois,10,,
619,11,Nov 4 2017,3:30 PM,Sat,Rutgers,31,,Maryland,24,,
620,11,Nov 4 2017,10:30 PM,Sat,San Diego State,52,@,San Jose State,7,,
621,11,Nov 4 2017,3:30 PM,Sat,South Florida,37,@,Connecticut,20,,
622,11,Nov 4 2017,10:45 PM,Sat,(17) Southern California,49,,(23) Arizona,35,,
623,11,Nov 4 2017,7:30 PM,Sat,Tennessee,24,,Southern Mississippi,10,,
624,11,Nov 4 2017,7:15 PM,Sat,(10) Texas Christian,24,,Texas,7,,
625,11,Nov 4 2017,5:30 PM,Sat,Utah State,24,@,New Mexico,10,,
626,11,Nov 4 2017,12:00 PM,Sat,Vanderbilt,31,,Western Kentucky,17,,
627,11,Nov 4 2017,3:00 PM,Sat,Virginia,40,,Georgia Tech,36,,
628,11,Nov 4 2017,10:00 PM,Sat,(12) Washington,38,,Oregon,3,,
629,11,Nov 4 2017,3:30 PM,Sat,(25) Washington State,24,,(18) Stanford,21,,
630,11,Nov 4 2017,3:30 PM,Sat,West Virginia,20,,(14) Iowa State,16,,
631,11,Nov 4 2017,12:00 PM,Sat,(4) Wisconsin,45,@,Indiana,17,,
632,11,Nov 4 2017,7:00 PM,Sat,Wyoming,16,,Colorado State,13,,
633,12,Nov 7 2017,7:30 PM,Tue,Buffalo,38,,Bowling Green State,28,,
634,12,Nov 7 2017,7:30 PM,Tue,Miami (OH),24,,Akron,14,,
635,12,Nov 8 2017,8:00 PM,Wed,Central Michigan,42,,Eastern Michigan,30,,
636,12,Nov 8 2017,7:00 PM,Wed,Ohio,38,,Toledo,10,,
637,12,Nov 8 2017,7:00 PM,Wed,Western Michigan,48,,Kent State,20,,
638,12,Nov 9 2017,7:30 PM,Thu,Appalachian State,27,,Georgia Southern,6,,
639,12,Nov 9 2017,7:30 PM,Thu,North Carolina,34,@,Pittsburgh,31,,
640,12,Nov 9 2017,7:00 PM,Thu,Northern Illinois,63,,Ball State,17,,
641,12,Nov 10 2017,10:30 PM,Fri,Brigham Young,31,@,Nevada-Las Vegas,21,,
642,12,Nov 10 2017,10:30 PM,Fri,Stanford,30,,(9) Washington,22,,
643,12,Nov 10 2017,7:00 PM,Fri,Temple,35,@,Cincinnati,24,,
644,12,Nov 11 2017,7:00 PM,Sat,(1) Alabama,31,@,(18) Mississippi State,24,,
645,12,Nov 11 2017,7:00 PM,Sat,Alabama-Birmingham,24,@,Texas-San Antonio,19,,
646,12,Nov 11 2017,10:00 PM,Sat,Arizona,49,,Oregon State,28,,
647,12,Nov 11 2017,12:00 PM,Sat,Army,21,,Duke,16,,
648,12,Nov 11 2017,3:30 PM,Sat,(10) Auburn,40,,(2) Georgia,17,,
649,12,Nov 11 2017,10:30 PM,Sat,Boise State,59,@,Colorado State,52,,
650,12,Nov 11 2017,12:00 PM,Sat,(14) Central Florida,49,,Connecticut,24,,
651,12,Nov 11 2017,3:30 PM,Sat,(4) Clemson,31,,Florida State,14,,
652,12,Nov 11 2017,3:30 PM,Sat,Florida Atlantic,48,@,Louisiana Tech,23,,
653,12,Nov 11 2017,11:00 PM,Sat,Fresno State,31,@,Hawaii,21,,
654,12,Nov 11 2017,4:00 PM,Sat,Georgia State,33,@,Texas State,30,,
655,12,Nov 11 2017,12:20 PM,Sat,Georgia Tech,28,,(17) Virginia Tech,22,,
656,12,Nov 11 2017,12:00 PM,Sat,Indiana,24,@,Illinois,14,,
657,12,Nov 11 2017,4:00 PM,Sat,Kentucky,44,@,Vanderbilt,21,,
658,12,Nov 11 2017,12:00 PM,Sat,Louisiana State,33,,Arkansas,10,,
659,12,Nov 11 2017,3:30 PM,Sat,Louisville,38,,Virginia,21,,
660,12,Nov 11 2017,6:30 PM,Sat,Marshall,30,,Western Kentucky,23,,
661,12,Nov 11 2017,4:00 PM,Sat,Massachusetts,44,,Maine,31,,
662,12,Nov 11 2017,8:00 PM,Sat,(7) Miami (FL),41,,(3) Notre Dame,8,,
663,12,Nov 11 2017,3:30 PM,Sat,(21) Michigan,35,@,Maryland,10,,
664,12,Nov 11 2017,2:00 PM,Sat,Middle Tennessee State,35,@,Charlotte,21,,
665,12,Nov 11 2017,12:00 PM,Sat,Minnesota,54,,Nebraska,21,,
666,12,Nov 11 2017,12:00 PM,Sat,Mississippi,50,,Louisiana,22,,
667,12,Nov 11 2017,7:30 PM,Sat,Missouri,50,,Tennessee,17,,
668,12,Nov 11 2017,3:30 PM,Sat,Navy,43,,Southern Methodist,40,,
669,12,Nov 11 2017,4:00 PM,Sat,Nevada,59,,San Jose State,14,,
670,12,Nov 11 2017,12:00 PM,Sat,North Carolina State,17,@,Boston College,14,,
671,12,Nov 11 2017,5:00 PM,Sat,North Texas,45,,Texas-El Paso,10,,
672,12,Nov 11 2017,7:00 PM,Sat,Northwestern,23,,Purdue,13,,
673,12,Nov 11 2017,12:00 PM,Sat,(11) Ohio State,48,,(13) Michigan State,3,,
674,12,Nov 11 2017,8:00 PM,Sat,(5) Oklahoma,38,,(8) Texas Christian,20,,
675,12,Nov 11 2017,12:00 PM,Sat,(12) Oklahoma State,49,@,(24) Iowa State,42,,
676,12,Nov 11 2017,7:00 PM,Sat,Old Dominion,37,@,Florida International,30,,
677,12,Nov 11 2017,12:00 PM,Sat,(16) Penn State,35,,Rutgers,6,,
678,12,Nov 11 2017,5:00 PM,Sat,South Alabama,24,,Arkansas State,19,,
679,12,Nov 11 2017,12:00 PM,Sat,South Carolina,28,,Florida,20,,
680,12,Nov 11 2017,4:00 PM,Sat,(15) Southern California,38,@,Colorado,24,,
681,12,Nov 11 2017,3:30 PM,Sat,Southern Mississippi,43,@,Rice,34,,
682,12,Nov 11 2017,6:00 PM,Sat,Texas,42,,Kansas,27,,
683,12,Nov 11 2017,7:00 PM,Sat,Texas A&M,55,,New Mexico,14,,
684,12,Nov 11 2017,12:00 PM,Sat,Texas Tech,38,,Baylor,24,,AT&T Stadium - Arlington Texas
685,12,Nov 11 2017,4:30 PM,Sat,Troy,42,@,Coastal Carolina,17,,
686,12,Nov 11 2017,7:00 PM,Sat,Tulane,31,@,East Carolina,24,,
687,12,Nov 11 2017,9:30 PM,Sat,UCLA,44,,Arizona State,37,,
688,12,Nov 11 2017,3:00 PM,Sat,Wake Forest,64,@,Syracuse,43,,
689,12,Nov 11 2017,5:30 PM,Sat,(19) Washington State,33,@,Utah,25,,
690,12,Nov 11 2017,3:30 PM,Sat,(23) West Virginia,28,@,Kansas State,23,,
691,12,Nov 11 2017,3:30 PM,Sat,(6) Wisconsin,38,,(25) Iowa,14,,
692,12,Nov 11 2017,10:15 PM,Sat,Wyoming,28,@,Air Force,14,,
693,13,Nov 14 2017,7:00 PM,Tue,Akron,37,,Ohio,34,,
694,13,Nov 14 2017,7:00 PM,Tue,Central Michigan,42,@,Kent State,23,,
695,13,Nov 15 2017,7:00 PM,Wed,Eastern Michigan,27,@,Miami (OH),24,,
696,13,Nov 15 2017,7:00 PM,Wed,Northern Illinois,35,,Western Michigan,31,,
697,13,Nov 15 2017,8:00 PM,Wed,Toledo,66,@,Bowling Green State,37,,
698,13,Nov 16 2017,7:00 PM,Thu,Buffalo,40,@,Ball State,24,,
699,13,Nov 16 2017,7:30 PM,Thu,(23) South Florida,27,,Tulsa,20,,
700,13,Nov 17 2017,9:30 PM,Fri,Nevada-Las Vegas,38,@,New Mexico,35,,
701,13,Nov 17 2017,8:00 PM,Fri,Western Kentucky,41,,Middle Tennessee State,38,,
702,13,Nov 18 2017,12:00 PM,Sat,(1) Alabama,56,,Mercer,0,,
703,13,Nov 18 2017,3:00 PM,Sat,Arizona State,40,@,Oregon State,24,,
704,13,Nov 18 2017,3:00 PM,Sat,Arkansas State,30,,Texas State,12,,
705,13,Nov 18 2017,12:00 PM,Sat,(6) Auburn,42,,Louisiana-Monroe,14,,
706,13,Nov 18 2017,10:15 PM,Sat,Boise State,44,,Air Force,19,,
707,13,Nov 18 2017,7:00 PM,Sat,Boston College,39,,Connecticut,16,,Fenway Park - Boston Massachusetts
708,13,Nov 18 2017,12:00 PM,Sat,(14) Central Florida,45,@,Temple,19,,
709,13,Nov 18 2017,12:20 PM,Sat,(4) Clemson,61,,Citadel,3,,
710,13,Nov 18 2017,5:00 PM,Sat,Coastal Carolina,13,@,Idaho,7,,
711,13,Nov 18 2017,3:30 PM,Sat,Colorado State,42,,San Jose State,14,,
712,13,Nov 18 2017,3:30 PM,Sat,Duke,43,,Georgia Tech,20,,
713,13,Nov 18 2017,12:00 PM,Sat,East Carolina,48,,Cincinnati,20,,
714,13,Nov 18 2017,4:00 PM,Sat,Florida,36,,Alabama-Birmingham,7,,
715,13,Nov 18 2017,7:00 PM,Sat,Florida Atlantic,52,,Florida International,24,,
716,13,Nov 18 2017,12:00 PM,Sat,Florida State,77,,Delaware State,6,,
717,13,Nov 18 2017,2:00 PM,Sat,Fresno State,13,@,Wyoming,7,,
718,13,Nov 18 2017,3:30 PM,Sat,(7) Georgia,42,,Kentucky,13,,
719,13,Nov 18 2017,3:00 PM,Sat,Georgia Southern,52,,South Alabama,0,,
720,13,Nov 18 2017,12:00 PM,Sat,Indiana,41,,Rutgers,0,,
721,13,Nov 18 2017,2:30 PM,Sat,Iowa State,23,@,Baylor,13,,
722,13,Nov 18 2017,3:30 PM,Sat,Kansas State,45,@,Oklahoma State,40,,
723,13,Nov 18 2017,5:00 PM,Sat,Louisiana,47,,New Mexico State,34,,
724,13,Nov 18 2017,7:00 PM,Sat,(21) Louisiana State,30,@,Tennessee,10,,
725,13,Nov 18 2017,3:00 PM,Sat,Louisiana Tech,42,@,Texas-El Paso,21,,
726,13,Nov 18 2017,3:30 PM,Sat,Louisville,56,,Syracuse,10,,
727,13,Nov 18 2017,3:00 PM,Sat,Massachusetts,16,@,Brigham Young,10,,
728,13,Nov 18 2017,12:00 PM,Sat,(18) Memphis,66,,Southern Methodist,45,,
729,13,Nov 18 2017,12:00 PM,Sat,(2) Miami (FL),44,,Virginia,28,,
730,13,Nov 18 2017,4:00 PM,Sat,(22) Michigan State,17,,Maryland,7,,
731,13,Nov 18 2017,12:00 PM,Sat,(17) Mississippi State,28,@,Arkansas,21,,
732,13,Nov 18 2017,7:30 PM,Sat,Missouri,45,@,Vanderbilt,17,,
733,13,Nov 18 2017,3:00 PM,Sat,North Carolina,65,,Western Carolina,10,,
734,13,Nov 18 2017,6:30 PM,Sat,North Texas,52,,Army,49,,
735,13,Nov 18 2017,12:00 PM,Sat,Northwestern,39,,Minnesota,0,,
736,13,Nov 18 2017,3:30 PM,Sat,(9) Notre Dame,24,,Navy,17,,
737,13,Nov 18 2017,3:30 PM,Sat,(8) Ohio State,52,,Illinois,14,,
738,13,Nov 18 2017,3:30 PM,Sat,(3) Oklahoma,41,@,Kansas,3,,
739,13,Nov 18 2017,2:00 PM,Sat,Old Dominion,24,,Rice,21,,
740,13,Nov 18 2017,7:00 PM,Sat,Oregon,48,,Arizona,28,,
741,13,Nov 18 2017,4:00 PM,Sat,(13) Penn State,56,,Nebraska,44,,
742,13,Nov 18 2017,3:30 PM,Sat,Purdue,24,@,Iowa,15,,
743,13,Nov 18 2017,10:30 PM,Sat,San Diego State,42,,Nevada,23,,
744,13,Nov 18 2017,4:00 PM,Sat,South Carolina,31,,Wofford,10,,
745,13,Nov 18 2017,12:00 PM,Sat,(23) South Florida,27,,Tulsa,20,,
746,13,Nov 18 2017,8:00 PM,Sat,(12) Southern California,28,,UCLA,23,,
747,13,Nov 18 2017,3:00 PM,Sat,Southern Mississippi,66,,Charlotte,21,,
748,13,Nov 18 2017,8:00 PM,Sat,(20) Stanford,17,,California,14,,
749,13,Nov 18 2017,12:00 PM,Sat,Texas,28,@,(24) West Virginia,14,,
750,13,Nov 18 2017,7:00 PM,Sat,Texas A&M,31,@,Mississippi,24,,
751,13,Nov 18 2017,12:00 PM,Sat,(11) Texas Christian,27,@,Texas Tech,3,,
752,13,Nov 18 2017,7:00 PM,Sat,Texas-San Antonio,9,,Marshall,7,,
753,13,Nov 18 2017,4:00 PM,Sat,Tulane,20,,Houston,17,,
754,13,Nov 18 2017,3:00 PM,Sat,Utah State,38,,Hawaii,0,,
755,13,Nov 18 2017,12:20 PM,Sat,Virginia Tech,20,,Pittsburgh,14,,
756,13,Nov 18 2017,7:30 PM,Sat,Wake Forest,30,,(25) North Carolina State,24,,
757,13,Nov 18 2017,10:30 PM,Sat,(16) Washington,33,,Utah,30,,
758,13,Nov 18 2017,12:00 PM,Sat,(5) Wisconsin,24,,(19) Michigan,10,,
759,14,Nov 21 2017,7:00 PM,Tue,Akron,24,,Kent State,14,,
760,14,Nov 21 2017,7:00 PM,Tue,Eastern Michigan,34,,Bowling Green State,31,,
761,14,Nov 21 2017,7:00 PM,Tue,Miami (OH),28,@,Ball State,7,,
762,14,Nov 23 2017,7:30 PM,Thu,Mississippi,31,@,(16) Mississippi State,28,,
763,14,Nov 24 2017,1:00 PM,Fri,Buffalo,31,,Ohio,24,,
764,14,Nov 24 2017,3:30 PM,Fri,(13) Central Florida,49,,(22) South Florida,42,,
765,14,Nov 24 2017,12:00 PM,Fri,Central Michigan,31,,Northern Illinois,24,,
766,14,Nov 24 2017,7:00 PM,Fri,Florida International,41,,Western Kentucky,17,,
767,14,Nov 24 2017,12:00 PM,Fri,Houston,24,,Navy,14,,
768,14,Nov 24 2017,4:00 PM,Fri,Iowa,56,@,Nebraska,14,,
769,14,Nov 24 2017,12:00 PM,Fri,Missouri,48,@,Arkansas,45,,
770,14,Nov 24 2017,12:00 PM,Fri,Pittsburgh,24,,(2) Miami (FL),14,,
771,14,Nov 24 2017,3:30 PM,Fri,San Diego State,35,,New Mexico,10,,
772,14,Nov 24 2017,12:00 PM,Fri,(10) Texas Christian,45,,Baylor,22,,
773,14,Nov 24 2017,8:00 PM,Fri,Texas Tech,27,@,Texas,23,,
774,14,Nov 24 2017,11:30 AM,Fri,Toledo,37,,Western Michigan,10,,
775,14,Nov 24 2017,4:00 PM,Fri,Troy,62,,Texas State,9,,
776,14,Nov 24 2017,10:30 PM,Fri,UCLA,30,,California,27,,
777,14,Nov 24 2017,8:00 PM,Fri,(24) Virginia Tech,10,@,Virginia,0,,
778,14,Nov 25 2017,10:15 PM,Sat,Air Force,38,,Utah State,35,,
779,14,Nov 25 2017,1:00 PM,Sat,Alabama-Birmingham,28,,Texas-El Paso,7,,
780,14,Nov 25 2017,2:00 PM,Sat,Appalachian State,31,@,Georgia State,10,,
781,14,Nov 25 2017,4:30 PM,Sat,Arizona State,42,,Arizona,30,,
782,14,Nov 25 2017,3:00 PM,Sat,Arkansas State,67,@,Louisiana-Monroe,50,,
783,14,Nov 25 2017,3:30 PM,Sat,(6) Auburn,26,,(1) Alabama,14,,
784,14,Nov 25 2017,12:20 PM,Sat,Boston College,42,@,Syracuse,14,,
785,14,Nov 25 2017,9:00 PM,Sat,Brigham Young,30,@,Hawaii,20,,
786,14,Nov 25 2017,12:00 PM,Sat,Cincinnati,22,,Connecticut,21,,
787,14,Nov 25 2017,7:30 PM,Sat,(4) Clemson,34,@,South Carolina,10,,
788,14,Nov 25 2017,12:30 PM,Sat,Duke,31,@,Wake Forest,23,,
789,14,Nov 25 2017,2:00 PM,Sat,Florida Atlantic,31,@,Charlotte,12,,
790,14,Nov 25 2017,12:00 PM,Sat,Florida International,41,,Western Kentucky,17,,
791,14,Nov 25 2017,12:00 PM,Sat,Florida State,38,@,Florida,22,,
792,14,Nov 25 2017,3:30 PM,Sat,Fresno State,28,,(25) Boise State,17,,
793,14,Nov 25 2017,12:00 PM,Sat,(7) Georgia,38,@,Georgia Tech,7,,
794,14,Nov 25 2017,5:00 PM,Sat,Georgia Southern,34,@,Louisiana,24,,
795,14,Nov 25 2017,3:30 PM,Sat,Kansas State,20,,Iowa State,19,,
796,14,Nov 25 2017,7:30 PM,Sat,(19) Louisiana State,45,,Texas A&M,21,,
797,14,Nov 25 2017,7:30 PM,Sat,Louisiana Tech,20,,Texas-San Antonio,6,,
798,14,Nov 25 2017,12:00 PM,Sat,Louisville,44,@,Kentucky,17,,
799,14,Nov 25 2017,12:00 PM,Sat,(17) Memphis,70,,East Carolina,13,,
800,14,Nov 25 2017,4:00 PM,Sat,(21) Michigan State,40,@,Rutgers,7,,
801,14,Nov 25 2017,3:00 PM,Sat,Middle Tennessee State,41,,Old Dominion,10,,
802,14,Nov 25 2017,3:00 PM,Sat,Nevada,23,,Nevada-Las Vegas,16,,
803,14,Nov 25 2017,4:00 PM,Sat,New Mexico State,17,,Idaho,10,,
804,14,Nov 25 2017,3:30 PM,Sat,North Carolina State,33,,North Carolina,21,,
805,14,Nov 25 2017,1:00 PM,Sat,North Texas,30,@,Rice,14,,
806,14,Nov 25 2017,4:00 PM,Sat,(23) Northwestern,42,@,Illinois,7,,
807,14,Nov 25 2017,12:00 PM,Sat,(8) Ohio State,31,@,Michigan,20,,
808,14,Nov 25 2017,3:45 PM,Sat,(3) Oklahoma,59,,West Virginia,31,,
809,14,Nov 25 2017,12:00 PM,Sat,(18) Oklahoma State,58,,Kansas,17,,
810,14,Nov 25 2017,7:00 PM,Sat,Oregon,69,,Oregon State,10,,
811,14,Nov 25 2017,3:30 PM,Sat,(12) Penn State,66,@,Maryland,3,,
812,14,Nov 25 2017,12:00 PM,Sat,Purdue,31,,Indiana,24,,
813,14,Nov 25 2017,5:00 PM,Sat,San Jose State,20,,Wyoming,17,,
814,14,Nov 25 2017,12:00 PM,Sat,Southern Methodist,41,,Tulane,38,,
815,14,Nov 25 2017,2:30 PM,Sat,Southern Mississippi,28,@,Marshall,27,,
816,14,Nov 25 2017,8:00 PM,Sat,(20) Stanford,38,,(9) Notre Dame,20,,
817,14,Nov 25 2017,4:00 PM,Sat,Temple,43,@,Tulsa,22,,
818,14,Nov 25 2017,10:00 PM,Sat,Utah,34,,Colorado,13,,
819,14,Nov 25 2017,4:00 PM,Sat,Vanderbilt,42,@,Tennessee,24,,
820,14,Nov 25 2017,8:00 PM,Sat,(15) Washington,41,,(14) Washington State,14,,
821,14,Nov 25 2017,3:30 PM,Sat,(5) Wisconsin,31,@,Minnesota,0,,