1,1,Aug 24 2019,9:30 PM,Sat,Arizona,,,Hawaii,,,
2,1,Aug 24 2019,6:00 PM,Sat,Florida,,,Miami (FL),,,Camping World Stadium - Orlando Florida
3,2,Aug 29 2019,12:00 PM,Thu,Alabama State,,,Alabama-Birmingham,,,
4,2,Aug 29 2019,12:00 PM,Thu,Albany,,,Central Michigan,,,
5,2,Aug 29 2019,12:00 PM,Thu,Central Arkansas,,,Western Kentucky,,,
6,2,Aug 29 2019,12:00 PM,Thu,Florida A&M,,,Central Florida,,,
7,2,Aug 29 2019,12:00 PM,Thu,Florida International,,,Tulane,,,
8,2,Aug 29 2019,12:00 PM,Thu,Georgia Tech,,,Clemson,,,
9,2,Aug 29 2019,12:00 PM,Thu,Kent State,,,Arizona State,,,
10,2,Aug 29 2019,12:00 PM,Thu,Morgan State,,,Bowling Green State,,,
11,2,Aug 29 2019,12:00 PM,Thu,Northern Colorado,,,San Jose State,,,
12,2,Aug 29 2019,12:00 PM,Thu,Robert Morris,,,Buffalo,,,
13,2,Aug 29 2019,12:00 PM,Thu,South Dakota State,,,Minnesota,,,
14,2,Aug 29 2019,7:30 PM,Thu,Texas State,,,Texas A&M,,,
15,2,Aug 29 2019,12:00 PM,Thu,UCLA,,,Cincinnati,,,
16,2,Aug 29 2019,12:00 PM,Thu,Utah,,,Brigham Young,,,
17,2,Aug 29 2019,12:00 PM,Thu,Wagner,,,Connecticut,,,
18,2,Aug 30 2019,12:00 PM,Fri,Colorado,,,Colorado State,,,Broncos Stadium at Mile High - Denver Colorado
19,2,Aug 30 2019,12:00 PM,Fri,Massachusetts,,,Rutgers,,,
20,2,Aug 30 2019,12:00 PM,Fri,Oklahoma State,,,Oregon State,,,
21,2,Aug 30 2019,8:30 PM,Fri,Purdue,,,Nevada,,,
22,2,Aug 30 2019,12:00 PM,Fri,Rice,,,Army,,,
23,2,Aug 30 2019,12:00 PM,Fri,Tulsa,,,Michigan State,,,
24,2,Aug 30 2019,12:00 PM,Fri,Utah State,,,Wake Forest,,,
25,2,Aug 30 2019,12:00 PM,Fri,Wisconsin,,,South Florida,,,
26,2,Aug 31 2019,12:00 PM,Sat,Abilene Christian,,,North Texas,,,
27,2,Aug 31 2019,12:00 PM,Sat,Akron,,,Illinois,,,
28,2,Aug 31 2019,12:00 PM,Sat,Alabama,,,Duke,,,Mercedes-Benz Stadium - Atlanta Georgia
29,2,Aug 31 2019,12:00 PM,Sat,Alcorn State,,,Southern Mississippi,,,
30,2,Aug 31 2019,12:00 PM,Sat,Arkansas-Pine Bluff,,,Texas Christian,,,
31,2,Aug 31 2019,12:00 PM,Sat,Auburn,,,Oregon,,,AT&T Stadium - Arlington Texas
32,2,Aug 31 2019,12:00 PM,Sat,Ball State,,,Indiana,,,Lucas Oil Stadium - Indianapolis Indiana
33,2,Aug 31 2019,12:00 PM,Sat,Boise State,,,Florida State,,,TIAA Bank Field - Jacksonville Florida
34,2,Aug 31 2019,12:00 PM,Sat,Bucknell,,,Temple,,,
35,2,Aug 31 2019,12:00 PM,Sat,California-Davis,,,California,,,
36,2,Aug 31 2019,12:00 PM,Sat,Campbell,,,Troy,,,
37,2,Aug 31 2019,12:00 PM,Sat,Colgate,,,Air Force,,,
38,2,Aug 31 2019,12:00 PM,Sat,East Carolina,,,North Carolina State,,,
39,2,Aug 31 2019,12:00 PM,Sat,East Tennessee State,,,Appalachian State,,,
40,2,Aug 31 2019,12:00 PM,Sat,Eastern Michigan,,,Coastal Carolina,,,
41,2,Aug 31 2019,12:00 PM,Sat,Eastern Washington,,,Washington,,,
42,2,Aug 31 2019,12:00 PM,Sat,Florida Atlantic,,,Ohio State,,,
43,2,Aug 31 2019,12:00 PM,Sat,Fresno State,,,Southern California,,,
44,2,Aug 31 2019,12:00 PM,Sat,Gardner-Webb,,,Charlotte,,,
45,2,Aug 31 2019,12:00 PM,Sat,Georgia,,,Vanderbilt,,,
46,2,Aug 31 2019,12:00 PM,Sat,Georgia Southern,,,Louisiana State,,,
47,2,Aug 31 2019,12:00 PM,Sat,Georgia State,,,Tennessee,,,
48,2,Aug 31 2019,7:00 PM,Sat,Grambling State,,,Louisiana-Monroe,,,
49,2,Aug 31 2019,12:00 PM,Sat,Holy Cross,,,Navy,,,
50,2,Aug 31 2019,12:00 PM,Sat,Houston Baptist,,,Texas-El Paso,,,
51,2,Aug 31 2019,12:00 PM,Sat,Howard,,,Maryland,,,
52,2,Aug 31 2019,12:00 PM,Sat,Idaho,,,Penn State,,,
53,2,Aug 31 2019,12:00 PM,Sat,Illinois State,,,Northern Illinois,,,
54,2,Aug 31 2019,12:00 PM,Sat,Incarnate Word,,,Texas-San Antonio,,,
55,2,Aug 31 2019,12:00 PM,Sat,Indiana State,,,Kansas,,,
56,2,Aug 31 2019,12:00 PM,Sat,James Madison,,,West Virginia,,,
57,2,Aug 31 2019,12:00 PM,Sat,Louisiana,,,Mississippi State,,,Mercedes-Benz Stadium - Atlanta Georgia
58,2,Aug 31 2019,12:00 PM,Sat,Louisiana Tech,,,Texas,,,
59,2,Aug 31 2019,12:00 PM,Sat,Miami (OH),,,Iowa,,,
60,2,Aug 31 2019,12:00 PM,Sat,Middle Tennessee State,,,Michigan,,,
61,2,Aug 31 2019,12:00 PM,Sat,Mississippi,,,Memphis,,,
62,2,Aug 31 2019,6:30 PM,Sat,Missouri,,,Wyoming,,,
63,2,Aug 31 2019,12:00 PM,Sat,Monmouth,,,Western Michigan,,,
64,2,Aug 31 2019,12:00 PM,Sat,Montana State,,,Texas Tech,,,
65,2,Aug 31 2019,12:00 PM,Sat,New Mexico State,,,Washington State,,,
66,2,Aug 31 2019,12:00 PM,Sat,Nicholls State,,,Kansas State,,,
67,2,Aug 31 2019,12:00 PM,Sat,Norfolk State,,,Old Dominion,,,
68,2,Aug 31 2019,12:00 PM,Sat,North Carolina,,,South Carolina,,,Bank of America Stadium - Charlotte North Carolina
69,2,Aug 31 2019,12:00 PM,Sat,Northern Iowa,,,Iowa State,,,
70,2,Aug 31 2019,12:00 PM,Sat,Northwestern,,,Stanford,,,
71,2,Aug 31 2019,12:00 PM,Sat,Portland State,,,Arkansas,,,
72,2,Aug 31 2019,12:00 PM,Sat,Rhode Island,,,Ohio,,,
73,2,Aug 31 2019,12:00 PM,Sat,Sam Houston State,,,New Mexico,,,
74,2,Aug 31 2019,12:00 PM,Sat,South Alabama,,,Nebraska,,,
75,2,Aug 31 2019,12:00 PM,Sat,Southern Methodist,,,Arkansas State,,,
76,2,Aug 31 2019,12:00 PM,Sat,Southern Utah,,,Nevada-Las Vegas,,,
77,2,Aug 31 2019,12:00 PM,Sat,Stephen F. Austin,,,Baylor,,,
78,2,Aug 31 2019,12:00 PM,Sat,Syracuse,,,Liberty,,,
79,2,Aug 31 2019,12:00 PM,Sat,Toledo,,,Kentucky,,,
80,2,Aug 31 2019,12:00 PM,Sat,Virginia,,,Pittsburgh,,,
81,2,Aug 31 2019,12:00 PM,Sat,Virginia Military Institute,,,Marshall,,,
82,2,Aug 31 2019,12:00 PM,Sat,Virginia Tech,,,Boston College,,,
83,2,Aug 31 2019,12:00 PM,Sat,Weber State,,,San Diego State,,,
84,2,Sep 1 2019,6:30 PM,Sun,Houston,,,Oklahoma,,,
85,2,Sep 2 2019,12:00 PM,Mon,Notre Dame,,,Louisville,,,
86,3,Sep 6 2019,8:00 PM,Fri,Marshall,,,Boise State,,,
87,3,Sep 6 2019,12:00 PM,Fri,Sacramento State,,,Arizona State,,,
88,3,Sep 6 2019,12:00 PM,Fri,William & Mary,,,Virginia,,,
89,3,Sep 7 2019,12:00 PM,Sat,Alabama-Birmingham,,,Akron,,,
90,3,Sep 7 2019,12:00 PM,Sat,Arkansas,,,Mississippi,,,
91,3,Sep 7 2019,12:00 PM,Sat,Arkansas State,,,Nevada-Las Vegas,,,
92,3,Sep 7 2019,12:00 PM,Sat,Army,,,Michigan,,,
93,3,Sep 7 2019,12:00 PM,Sat,Bowling Green State,,,Kansas State,,,
94,3,Sep 7 2019,12:00 PM,Sat,Brigham Young,,,Tennessee,,,
95,3,Sep 7 2019,12:00 PM,Sat,Buffalo,,,Penn State,,,
96,3,Sep 7 2019,12:00 PM,Sat,California,,,Washington,,,
97,3,Sep 7 2019,12:00 PM,Sat,Central Florida,,,Florida Atlantic,,,
98,3,Sep 7 2019,12:00 PM,Sat,Central Michigan,,,Wisconsin,,,
99,3,Sep 7 2019,12:00 PM,Sat,Charleston Southern,,,South Carolina,,,
100,3,Sep 7 2019,12:00 PM,Sat,Charlotte,,,Appalachian State,,,
101,3,Sep 7 2019,12:00 PM,Sat,Cincinnati,,,Ohio State,,,
102,3,Sep 7 2019,12:00 PM,Sat,Coastal Carolina,,,Kansas,,,
103,3,Sep 7 2019,12:00 PM,Sat,Eastern Illinois,,,Indiana,,,
104,3,Sep 7 2019,12:00 PM,Sat,Eastern Kentucky,,,Louisville,,,
105,3,Sep 7 2019,12:00 PM,Sat,Eastern Michigan,,,Kentucky,,,
106,3,Sep 7 2019,12:00 PM,Sat,Fordham,,,Ball State,,,
107,3,Sep 7 2019,12:00 PM,Sat,Furman,,,Georgia State,,,
108,3,Sep 7 2019,12:00 PM,Sat,Gardner-Webb,,,East Carolina,,,
109,3,Sep 7 2019,12:00 PM,Sat,Grambling State,,,Louisiana Tech,,,
110,3,Sep 7 2019,12:00 PM,Sat,Illinois,,,Connecticut,,,
111,3,Sep 7 2019,12:00 PM,Sat,Jackson State,,,South Alabama,,,
112,3,Sep 7 2019,12:00 PM,Sat,Kennesaw State,,,Kent State,,,
113,3,Sep 7 2019,12:00 PM,Sat,Liberty,,,Louisiana,,,
114,3,Sep 7 2019,12:00 PM,Sat,Louisiana State,,,Texas,,,
115,3,Sep 7 2019,12:00 PM,Sat,Louisiana-Monroe,,,Florida State,,,
116,3,Sep 7 2019,12:00 PM,Sat,Maine,,,Georgia Southern,,,
117,3,Sep 7 2019,12:00 PM,Sat,McNeese State,,,Oklahoma State,,,
118,3,Sep 7 2019,12:00 PM,Sat,Miami (FL),,,North Carolina,,,
119,3,Sep 7 2019,9:30 PM,Sat,Minnesota,,,Fresno State,,,
120,3,Sep 7 2019,12:00 PM,Sat,Murray State,,,Georgia,,,
121,3,Sep 7 2019,12:00 PM,Sat,Nebraska,,,Colorado,,,
122,3,Sep 7 2019,12:00 PM,Sat,Nevada,,,Oregon,,,
123,3,Sep 7 2019,12:00 PM,Sat,New Mexico State,,,Alabama,,,
124,3,Sep 7 2019,12:00 PM,Sat,North Carolina A&T,,,Duke,,,
125,3,Sep 7 2019,12:00 PM,Sat,North Texas,,,Southern Methodist,,,
126,3,Sep 7 2019,12:00 PM,Sat,Northern Arizona,,,Arizona,,,
127,3,Sep 7 2019,12:00 PM,Sat,Northern Colorado,,,Washington State,,,
128,3,Sep 7 2019,12:00 PM,Sat,Northern Illinois,,,Utah,,,
129,3,Sep 7 2019,12:00 PM,Sat,Ohio,,,Pittsburgh,,,
130,3,Sep 7 2019,12:00 PM,Sat,Old Dominion,,,Virginia Tech,,,
131,3,Sep 7 2019,12:00 PM,Sat,Oregon State,,,Hawaii,,,
132,3,Sep 7 2019,12:00 PM,Sat,Prairie View A&M,,,Houston,,,
133,3,Sep 7 2019,12:00 PM,Sat,Richmond,,,Boston College,,,
134,3,Sep 7 2019,12:00 PM,Sat,Rutgers,,,Iowa,,,
135,3,Sep 7 2019,12:00 PM,Sat,San Diego State,,,UCLA,,,
136,3,Sep 7 2019,12:00 PM,Sat,South Dakota,,,Oklahoma,,,
137,3,Sep 7 2019,12:00 PM,Sat,South Florida,,,Georgia Tech,,,
138,3,Sep 7 2019,12:00 PM,Sat,Southern,,,Memphis,,,
139,3,Sep 7 2019,12:00 PM,Sat,Southern Illinois,,,Massachusetts,,,
140,3,Sep 7 2019,12:00 PM,Sat,Southern Mississippi,,,Mississippi State,,,
141,3,Sep 7 2019,12:00 PM,Sat,Stanford,,,Southern California,,,
142,3,Sep 7 2019,12:00 PM,Sat,Stony Brook,,,Utah State,,,
143,3,Sep 7 2019,12:00 PM,Sat,Syracuse,,,Maryland,,,
144,3,Sep 7 2019,12:00 PM,Sat,Tennessee State,,,Middle Tennessee State,,,
145,3,Sep 7 2019,12:00 PM,Sat,Tennessee Tech,,,Miami (OH),,,
146,3,Sep 7 2019,12:00 PM,Sat,Tennessee-Martin,,,Florida,,,
147,3,Sep 7 2019,12:00 PM,Sat,Texas A&M,,,Clemson,,,
148,3,Sep 7 2019,12:00 PM,Sat,Texas-El Paso,,,Texas Tech,,,
149,3,Sep 7 2019,12:00 PM,Sat,Texas-San Antonio,,,Baylor,,,
150,3,Sep 7 2019,12:00 PM,Sat,Tulane,,,Auburn,,,
151,3,Sep 7 2019,12:00 PM,Sat,Tulsa,,,San Jose State,,,
152,3,Sep 7 2019,12:00 PM,Sat,Vanderbilt,,,Purdue,,,
153,3,Sep 7 2019,12:00 PM,Sat,Wake Forest,,,Rice,,,
154,3,Sep 7 2019,12:00 PM,Sat,West Virginia,,,Missouri,,,
155,3,Sep 7 2019,12:00 PM,Sat,Western Carolina,,,North Carolina State,,,
156,3,Sep 7 2019,12:00 PM,Sat,Western Illinois,,,Colorado State,,,
157,3,Sep 7 2019,12:00 PM,Sat,Western Kentucky,,,Florida International,,,
158,3,Sep 7 2019,12:00 PM,Sat,Western Michigan,,,Michigan State,,,
159,3,Sep 7 2019,12:00 PM,Sat,Wyoming,,,Texas State,,,
160,4,Sep 12 2019,12:00 PM,Thu,North Carolina,,,Wake Forest,,,
161,4,Sep 13 2019,12:00 PM,Fri,Houston,,,Washington State,,,NRG Stadium - Houston Texas
162,4,Sep 13 2019,12:00 PM,Fri,Kansas,,,Boston College,,,
163,4,Sep 14 2019,12:00 PM,Sat,Air Force,,,Colorado,,,
164,4,Sep 14 2019,12:00 PM,Sat,Akron,,,Central Michigan,,,
165,4,Sep 14 2019,12:00 PM,Sat,Alabama,,,South Carolina,,,
166,4,Sep 14 2019,12:00 PM,Sat,Arizona State,,,Michigan State,,,
167,4,Sep 14 2019,12:00 PM,Sat,Arkansas State,,,Georgia,,,
168,4,Sep 14 2019,12:00 PM,Sat,Army,,,Texas-San Antonio,,,
169,4,Sep 14 2019,12:00 PM,Sat,Bethune-Cookman,,,Miami (FL),,,
170,4,Sep 14 2019,12:00 PM,Sat,Buffalo,,,Liberty,,,
171,4,Sep 14 2019,12:00 PM,Sat,Cal Poly,,,Oregon State,,,
172,4,Sep 14 2019,12:00 PM,Sat,Chattanooga,,,Tennessee,,,
173,4,Sep 14 2019,12:00 PM,Sat,Citadel,,,Georgia Tech,,,
174,4,Sep 14 2019,12:00 PM,Sat,Clemson,,,Syracuse,,,
175,4,Sep 14 2019,12:00 PM,Sat,Colorado State,,,Arkansas,,,
176,4,Sep 14 2019,12:00 PM,Sat,Duke,,,Middle Tennessee State,,,
177,4,Sep 14 2019,12:00 PM,Sat,East Carolina,,,Navy,,,
178,4,Sep 14 2019,12:00 PM,Sat,Eastern Michigan,,,Illinois,,,
179,4,Sep 14 2019,12:00 PM,Sat,Florida,,,Kentucky,,,
180,4,Sep 14 2019,12:00 PM,Sat,Florida Atlantic,,,Ball State,,,
181,4,Sep 14 2019,12:00 PM,Sat,Florida State,,,Virginia,,,
182,4,Sep 14 2019,12:00 PM,Sat,Furman,,,Virginia Tech,,,
183,4,Sep 14 2019,12:00 PM,Sat,Georgia Southern,,,Minnesota,,,
184,4,Sep 14 2019,12:00 PM,Sat,Georgia State,,,Western Michigan,,,
185,4,Sep 14 2019,12:00 PM,Sat,Hawaii,,,Washington,,,
186,4,Sep 14 2019,12:00 PM,Sat,Idaho,,,Wyoming,,,
187,4,Sep 14 2019,12:00 PM,Sat,Idaho State,,,Utah,,,
188,4,Sep 14 2019,12:00 PM,Sat,Iowa,,,Iowa State,,,
189,4,Sep 14 2019,12:00 PM,Sat,Kansas State,,,Mississippi State,,,
190,4,Sep 14 2019,12:00 PM,Sat,Kent State,,,Auburn,,,
191,4,Sep 14 2019,12:00 PM,Sat,Lamar,,,Texas A&M,,,
192,4,Sep 14 2019,12:00 PM,Sat,Louisiana Tech,,,Bowling Green State,,,
193,4,Sep 14 2019,12:00 PM,Sat,Louisville,,,Western Kentucky,,,Nissan Stadium - Nashville Tennessee
194,4,Sep 14 2019,12:00 PM,Sat,Maryland,,,Temple,,,
195,4,Sep 14 2019,12:00 PM,Sat,Massachusetts,,,Charlotte,,,
196,4,Sep 14 2019,12:00 PM,Sat,Memphis,,,South Alabama,,,
197,4,Sep 14 2019,12:00 PM,Sat,Miami (OH),,,Cincinnati,,,
198,4,Sep 14 2019,12:00 PM,Sat,Missouri State,,,Tulane,,,
199,4,Sep 14 2019,12:00 PM,Sat,Montana,,,Oregon,,,
200,4,Sep 14 2019,12:00 PM,Sat,Murray State,,,Toledo,,,
201,4,Sep 14 2019,12:00 PM,Sat,Nevada-Las Vegas,,,Northwestern,,,
202,4,Sep 14 2019,12:00 PM,Sat,New Hampshire,,,Florida International,,,
203,4,Sep 14 2019,12:00 PM,Sat,New Mexico,,,Notre Dame,,,
204,4,Sep 14 2019,12:00 PM,Sat,Norfolk State,,,Coastal Carolina,,,
205,4,Sep 14 2019,12:00 PM,Sat,North Carolina State,,,West Virginia,,,
206,4,Sep 14 2019,12:00 PM,Sat,North Texas,,,California,,,
207,4,Sep 14 2019,12:00 PM,Sat,Northern Illinois,,,Nebraska,,,
208,4,Sep 14 2019,12:00 PM,Sat,Northwestern State,,,Louisiana State,,,
209,4,Sep 14 2019,12:00 PM,Sat,Ohio,,,Marshall,,,
210,4,Sep 14 2019,12:00 PM,Sat,Ohio State,,,Indiana,,,
211,4,Sep 14 2019,12:00 PM,Sat,Oklahoma,,,UCLA,,,
212,4,Sep 14 2019,12:00 PM,Sat,Oklahoma State,,,Tulsa,,,
213,4,Sep 14 2019,12:00 PM,Sat,Pittsburgh,,,Penn State,,,
214,4,Sep 14 2019,12:00 PM,Sat,Portland State,,,Boise State,,,
215,4,Sep 14 2019,12:00 PM,Sat,Rice,,,Texas,,,NRG Stadium - Houston Texas
216,4,Sep 14 2019,12:00 PM,Sat,San Diego State,,,New Mexico State,,,
217,4,Sep 14 2019,12:00 PM,Sat,South Carolina State,,,South Florida,,,
218,4,Sep 14 2019,12:00 PM,Sat,Southeast Missouri State,,,Missouri,,,
219,4,Sep 14 2019,12:00 PM,Sat,Southeastern Louisiana,,,Mississippi,,,
220,4,Sep 14 2019,12:00 PM,Sat,Southern California,,,Brigham Young,,,
221,4,Sep 14 2019,12:00 PM,Sat,Southern Mississippi,,,Troy,,,
222,4,Sep 14 2019,12:00 PM,Sat,Stanford,,,Central Florida,,,
223,4,Sep 14 2019,12:00 PM,Sat,Texas Christian,,,Purdue,,,
224,4,Sep 14 2019,12:00 PM,Sat,Texas Southern,,,Louisiana,,,
225,4,Sep 14 2019,12:00 PM,Sat,Texas State,,,Southern Methodist,,,
226,4,Sep 14 2019,12:00 PM,Sat,Texas Tech,,,Arizona,,,
227,4,Sep 14 2019,12:00 PM,Sat,Weber State,,,Nevada,,,
228,5,Sep 19 2019,12:00 PM,Thu,Houston,,,Tulane,,,
229,5,Sep 20 2019,9:00 PM,Fri,Air Force,,,Boise State,,,
230,5,Sep 20 2019,12:00 PM,Fri,Utah,,,Southern California,,,
231,5,Sep 21 2019,12:00 PM,Sat,Appalachian State,,,North Carolina,,,
232,5,Sep 21 2019,12:00 PM,Sat,Auburn,,,Texas A&M,,,
233,5,Sep 21 2019,12:00 PM,Sat,Ball State,,,North Carolina State,,,
234,5,Sep 21 2019,12:00 PM,Sat,Baylor,,,Rice,,,
235,5,Sep 21 2019,12:00 PM,Sat,Boston College,,,Rutgers,,,
236,5,Sep 21 2019,12:00 PM,Sat,Bowling Green State,,,Kent State,,,
237,5,Sep 21 2019,12:00 PM,Sat,California,,,Mississippi,,,
238,5,Sep 21 2019,12:00 PM,Sat,Central Arkansas,,,Hawaii,,,
239,5,Sep 21 2019,12:00 PM,Sat,Central Connecticut State,,,Eastern Michigan,,,
240,5,Sep 21 2019,12:00 PM,Sat,Central Florida,,,Pittsburgh,,,
241,5,Sep 21 2019,12:00 PM,Sat,Central Michigan,,,Miami (FL),,,
242,5,Sep 21 2019,12:00 PM,Sat,Charlotte,,,Clemson,,,
243,5,Sep 21 2019,12:00 PM,Sat,Coastal Carolina,,,Massachusetts,,,
244,5,Sep 21 2019,12:00 PM,Sat,Colorado,,,Arizona State,,,
245,5,Sep 21 2019,12:00 PM,Sat,Connecticut,,,Indiana,,,
246,5,Sep 21 2019,12:00 PM,Sat,Elon,,,Wake Forest,,,
247,5,Sep 21 2019,12:00 PM,Sat,Florida International,,,Louisiana Tech,,,
248,5,Sep 21 2019,12:00 PM,Sat,Georgia State,,,Texas State,,,
249,5,Sep 21 2019,12:00 PM,Sat,Hampton,,,Liberty,,,
250,5,Sep 21 2019,12:00 PM,Sat,Kentucky,,,Mississippi State,,,
251,5,Sep 21 2019,12:00 PM,Sat,Louisiana,,,Ohio,,,
252,5,Sep 21 2019,12:00 PM,Sat,Louisiana State,,,Vanderbilt,,,
253,5,Sep 21 2019,12:00 PM,Sat,Louisiana-Monroe,,,Iowa State,,,
254,5,Sep 21 2019,12:00 PM,Sat,Louisville,,,Florida State,,,
255,5,Sep 21 2019,12:00 PM,Sat,Miami (OH),,,Ohio State,,,
256,5,Sep 21 2019,12:00 PM,Sat,Michigan,,,Wisconsin,,,
257,5,Sep 21 2019,12:00 PM,Sat,Michigan State,,,Northwestern,,,
258,5,Sep 21 2019,12:00 PM,Sat,Morgan State,,,Army,,,
259,5,Sep 21 2019,12:00 PM,Sat,Nebraska,,,Illinois,,,
260,5,Sep 21 2019,12:00 PM,Sat,Nevada,,,Texas-El Paso,,,
261,5,Sep 21 2019,12:00 PM,Sat,New Mexico State,,,New Mexico,,,
262,5,Sep 21 2019,12:00 PM,Sat,Notre Dame,,,Georgia,,,
263,5,Sep 21 2019,12:00 PM,Sat,Oklahoma State,,,Texas,,,
264,5,Sep 21 2019,12:00 PM,Sat,Old Dominion,,,Virginia,,,
265,5,Sep 21 2019,12:00 PM,Sat,Oregon,,,Stanford,,,
266,5,Sep 21 2019,12:00 PM,Sat,Sacramento State,,,Fresno State,,,
267,5,Sep 21 2019,12:00 PM,Sat,San Jose State,,,Arkansas,,,
268,5,Sep 21 2019,12:00 PM,Sat,South Alabama,,,Alabama-Birmingham,,,
269,5,Sep 21 2019,12:00 PM,Sat,South Carolina,,,Missouri,,,
270,5,Sep 21 2019,12:00 PM,Sat,Southern Illinois,,,Arkansas State,,,
271,5,Sep 21 2019,12:00 PM,Sat,Southern Methodist,,,Texas Christian,,,
272,5,Sep 21 2019,12:00 PM,Sat,Southern Mississippi,,,Alabama,,,
273,5,Sep 21 2019,12:00 PM,Sat,Temple,,,Buffalo,,,
274,5,Sep 21 2019,12:00 PM,Sat,Tennessee,,,Florida,,,
275,5,Sep 21 2019,12:00 PM,Sat,Texas-San Antonio,,,North Texas,,,
276,5,Sep 21 2019,12:00 PM,Sat,Toledo,,,Colorado State,,,
277,5,Sep 21 2019,12:00 PM,Sat,Troy,,,Akron,,,
278,5,Sep 21 2019,12:00 PM,Sat,UCLA,,,Washington State,,,
279,5,Sep 21 2019,10:30 PM,Sat,Utah State,,,San Diego State,,,
280,5,Sep 21 2019,12:00 PM,Sat,Wagner,,,Florida Atlantic,,,
281,5,Sep 21 2019,12:00 PM,Sat,Washington,,,Brigham Young,,,
282,5,Sep 21 2019,12:00 PM,Sat,West Virginia,,,Kansas,,,
283,5,Sep 21 2019,12:00 PM,Sat,Western Michigan,,,Syracuse,,,
284,5,Sep 21 2019,12:00 PM,Sat,William & Mary,,,East Carolina,,,
285,5,Sep 21 2019,12:00 PM,Sat,Wyoming,,,Tulsa,,,
286,6,Sep 26 2019,12:00 PM,Thu,Navy,,,Memphis,,,
287,6,Sep 27 2019,12:00 PM,Fri,Arizona State,,,California,,,
288,6,Sep 27 2019,12:00 PM,Fri,Duke,,,Virginia Tech,,,
289,6,Sep 27 2019,12:00 PM,Fri,Penn State,,,Maryland,,,
290,6,Sep 27 2019,7:00 PM,Fri,San Jose State,,,Air Force,,,
291,6,Sep 28 2019,12:00 PM,Sat,Akron,,,Massachusetts,,,
292,6,Sep 28 2019,12:00 PM,Sat,Alabama-Birmingham,,,Western Kentucky,,,
293,6,Sep 28 2019,12:00 PM,Sat,Arkansas,,,Texas A&M,,,AT&T Stadium - Arlington Texas
294,6,Sep 28 2019,12:00 PM,Sat,Arkansas State,,,Troy,,,
295,6,Sep 28 2019,12:00 PM,Sat,Brigham Young,,,Toledo,,,
296,6,Sep 28 2019,12:00 PM,Sat,Buffalo,,,Miami (OH),,,
297,6,Sep 28 2019,12:00 PM,Sat,Central Michigan,,,Western Michigan,,,
298,6,Sep 28 2019,12:00 PM,Sat,Cincinnati,,,Marshall,,,
299,6,Sep 28 2019,12:00 PM,Sat,Clemson,,,North Carolina,,,
300,6,Sep 28 2019,12:00 PM,Sat,Coastal Carolina,,,Appalachian State,,,
301,6,Sep 28 2019,6:30 PM,Sat,Colorado State,,,Utah State,,,
302,6,Sep 28 2019,12:00 PM,Sat,Connecticut,,,Central Florida,,,
303,6,Sep 28 2019,12:00 PM,Sat,Delaware,,,Pittsburgh,,,
304,6,Sep 28 2019,12:00 PM,Sat,East Carolina,,,Old Dominion,,,
305,6,Sep 28 2019,12:00 PM,Sat,Florida Atlantic,,,Charlotte,,,
306,6,Sep 28 2019,12:00 PM,Sat,Fresno State,,,New Mexico State,,,
307,6,Sep 28 2019,12:00 PM,Sat,Georgia Tech,,,Temple,,,
308,6,Sep 28 2019,12:00 PM,Sat,Hawaii,,,Nevada,,,
309,6,Sep 28 2019,12:00 PM,Sat,Holy Cross,,,Syracuse,,,
310,6,Sep 28 2019,12:00 PM,Sat,Houston,,,North Texas,,,
311,6,Sep 28 2019,12:00 PM,Sat,Indiana,,,Michigan State,,,
312,6,Sep 28 2019,12:00 PM,Sat,Iowa State,,,Baylor,,,
313,6,Sep 28 2019,12:00 PM,Sat,Kansas,,,Texas Christian,,,
314,6,Sep 28 2019,12:00 PM,Sat,Kansas State,,,Oklahoma State,,,
315,6,Sep 28 2019,12:00 PM,Sat,Kentucky,,,South Carolina,,,
316,6,Sep 28 2019,12:00 PM,Sat,Louisiana,,,Georgia Southern,,,
317,6,Sep 28 2019,12:00 PM,Sat,Louisiana Tech,,,Rice,,,
318,6,Sep 28 2019,12:00 PM,Sat,Middle Tennessee State,,,Iowa,,,
319,6,Sep 28 2019,12:00 PM,Sat,Minnesota,,,Purdue,,,
320,6,Sep 28 2019,12:00 PM,Sat,Mississippi,,,Alabama,,,
321,6,Sep 28 2019,12:00 PM,Sat,Mississippi State,,,Auburn,,,
322,6,Sep 28 2019,12:00 PM,Sat,Nevada-Las Vegas,,,Wyoming,,,
323,6,Sep 28 2019,12:00 PM,Sat,New Mexico,,,Liberty,,,
324,6,Sep 28 2019,12:00 PM,Sat,Nicholls State,,,Texas State,,,
325,6,Sep 28 2019,12:00 PM,Sat,North Carolina State,,,Florida State,,,
326,6,Sep 28 2019,12:00 PM,Sat,Northern Illinois,,,Vanderbilt,,,
327,6,Sep 28 2019,12:00 PM,Sat,Northwestern,,,Wisconsin,,,
328,6,Sep 28 2019,12:00 PM,Sat,Ohio State,,,Nebraska,,,
329,6,Sep 28 2019,12:00 PM,Sat,Rutgers,,,Michigan,,,
330,6,Sep 28 2019,12:00 PM,Sat,South Alabama,,,Louisiana-Monroe,,,
331,6,Sep 28 2019,12:00 PM,Sat,Southern California,,,Washington,,,
332,6,Sep 28 2019,12:00 PM,Sat,Southern Methodist,,,South Florida,,,
333,6,Sep 28 2019,12:00 PM,Sat,Stanford,,,Oregon State,,,
334,6,Sep 28 2019,12:00 PM,Sat,Texas Tech,,,Oklahoma,,,
335,6,Sep 28 2019,12:00 PM,Sat,Texas-El Paso,,,Southern Mississippi,,,
336,6,Sep 28 2019,12:00 PM,Sat,Towson,,,Florida,,,
337,6,Sep 28 2019,12:00 PM,Sat,UCLA,,,Arizona,,,
338,6,Sep 28 2019,12:00 PM,Sat,Virginia,,,Notre Dame,,,
339,6,Sep 28 2019,12:00 PM,Sat,Wake Forest,,,Boston College,,,
340,6,Sep 28 2019,12:00 PM,Sat,Washington State,,,Utah,,,
341,7,Oct 3 2019,12:00 PM,Thu,Georgia Southern,,,South Alabama,,,
342,7,Oct 3 2019,12:00 PM,Thu,Temple,,,East Carolina,,,
343,7,Oct 4 2019,12:00 PM,Fri,Central Florida,,,Cincinnati,,,
344,7,Oct 4 2019,9:00 PM,Fri,New Mexico,,,San Jose State,,,
345,7,Oct 5 2019,12:00 PM,Sat,Air Force,,,Navy,,,
346,7,Oct 5 2019,12:00 PM,Sat,Arizona,,,Colorado,,,
347,7,Oct 5 2019,12:00 PM,Sat,Arkansas State,,,Georgia State,,,
348,7,Oct 5 2019,12:00 PM,Sat,Auburn,,,Florida,,,
349,7,Oct 5 2019,12:00 PM,Sat,Ball State,,,Northern Illinois,,,
350,7,Oct 5 2019,12:00 PM,Sat,Baylor,,,Kansas State,,,
351,7,Oct 5 2019,9:30 PM,Sat,Boise State,,,Nevada-Las Vegas,,,
352,7,Oct 5 2019,12:00 PM,Sat,Boston College,,,Louisville,,,
353,7,Oct 5 2019,12:00 PM,Sat,Bowling Green State,,,Notre Dame,,,
354,7,Oct 5 2019,12:00 PM,Sat,California,,,Oregon,,,
355,7,Oct 5 2019,12:00 PM,Sat,Eastern Michigan,,,Central Michigan,,,
356,7,Oct 5 2019,12:00 PM,Sat,Georgia,,,Tennessee,,,
357,7,Oct 5 2019,12:00 PM,Sat,Illinois,,,Minnesota,,,
358,7,Oct 5 2019,12:00 PM,Sat,Iowa,,,Michigan,,,
359,7,Oct 5 2019,12:00 PM,Sat,Kent State,,,Wisconsin,,,
360,7,Oct 5 2019,12:00 PM,Sat,Liberty,,,New Mexico State,,,
361,7,Oct 5 2019,12:00 PM,Sat,Marshall,,,Middle Tennessee State,,,
362,7,Oct 5 2019,12:00 PM,Sat,Maryland,,,Rutgers,,,
363,7,Oct 5 2019,12:00 PM,Sat,Massachusetts,,,Florida International,,,
364,7,Oct 5 2019,12:00 PM,Sat,Memphis,,,Louisiana-Monroe,,,
365,7,Oct 5 2019,12:00 PM,Sat,Michigan State,,,Ohio State,,,
366,7,Oct 5 2019,12:00 PM,Sat,North Carolina,,,Georgia Tech,,,
367,7,Oct 5 2019,12:00 PM,Sat,Northwestern,,,Nebraska,,,
368,7,Oct 5 2019,12:00 PM,Sat,Ohio,,,Buffalo,,,
369,7,Oct 5 2019,12:00 PM,Sat,Oklahoma,,,Kansas,,,
370,7,Oct 5 2019,12:00 PM,Sat,Oklahoma State,,,Texas Tech,,,
371,7,Oct 5 2019,12:00 PM,Sat,Oregon State,,,UCLA,,,
372,7,Oct 5 2019,12:00 PM,Sat,Pittsburgh,,,Duke,,,
373,7,Oct 5 2019,12:00 PM,Sat,Purdue,,,Penn State,,,
374,7,Oct 5 2019,12:00 PM,Sat,Rice,,,Alabama-Birmingham,,,
375,7,Oct 5 2019,12:00 PM,Sat,San Diego State,,,Colorado State,,,
376,7,Oct 5 2019,12:00 PM,Sat,South Florida,,,Connecticut,,,
377,7,Oct 5 2019,12:00 PM,Sat,Texas,,,West Virginia,,,
378,7,Oct 5 2019,12:00 PM,Sat,Texas Christian,,,Iowa State,,,
379,7,Oct 5 2019,12:00 PM,Sat,Texas-San Antonio,,,Texas-El Paso,,,
380,7,Oct 5 2019,12:00 PM,Sat,Troy,,,Missouri,,,
381,7,Oct 5 2019,12:00 PM,Sat,Tulane,,,Army,,,
382,7,Oct 5 2019,12:00 PM,Sat,Tulsa,,,Southern Methodist,,,
383,7,Oct 5 2019,12:00 PM,Sat,Utah State,,,Louisiana State,,,
384,7,Oct 5 2019,12:00 PM,Sat,Vanderbilt,,,Mississippi,,,
385,7,Oct 5 2019,12:00 PM,Sat,Virginia Tech,,,Miami (FL),,,
386,7,Oct 5 2019,12:00 PM,Sat,Washington,,,Stanford,,,
387,7,Oct 5 2019,12:00 PM,Sat,Western Kentucky,,,Old Dominion,,,
388,7,Oct 5 2019,12:00 PM,Sat,Western Michigan,,,Toledo,,,
389,8,Oct 9 2019,12:00 PM,Wed,Appalachian State,,,Louisiana,,,
390,8,Oct 10 2019,12:00 PM,Thu,Louisiana-Monroe,,,Texas State,,,
391,8,Oct 10 2019,12:00 PM,Thu,Syracuse,,,North Carolina State,,,
392,8,Oct 11 2019,12:00 PM,Fri,Colorado,,,Oregon,,,
393,8,Oct 11 2019,7:00 PM,Fri,Colorado State,,,New Mexico,,,
394,8,Oct 11 2019,12:00 PM,Fri,Virginia,,,Miami (FL),,,
395,8,Oct 12 2019,12:00 PM,Sat,Alabama,,,Texas A&M,,,
396,8,Oct 12 2019,12:00 PM,Sat,Alabama-Birmingham,,,Texas-San Antonio,,,
397,8,Oct 12 2019,12:00 PM,Sat,Arkansas,,,Kentucky,,,
398,8,Oct 12 2019,12:00 PM,Sat,Army,,,Western Kentucky,,,
399,8,Oct 12 2019,12:00 PM,Sat,Ball State,,,Eastern Michigan,,,
400,8,Oct 12 2019,12:00 PM,Sat,Brigham Young,,,South Florida,,,
401,8,Oct 12 2019,12:00 PM,Sat,Charlotte,,,Florida International,,,
402,8,Oct 12 2019,12:00 PM,Sat,Cincinnati,,,Houston,,,
403,8,Oct 12 2019,12:00 PM,Sat,Connecticut,,,Tulane,,,
404,8,Oct 12 2019,12:00 PM,Sat,Florida,,,Louisiana State,,,
405,8,Oct 12 2019,12:00 PM,Sat,Florida State,,,Clemson,,,
406,8,Oct 12 2019,6:00 PM,Sat,Fresno State,,,Air Force,,,
407,8,Oct 12 2019,12:00 PM,Sat,Georgia State,,,Coastal Carolina,,,
408,8,Oct 12 2019,12:00 PM,Sat,Georgia Tech,,,Duke,,,
409,8,Oct 12 2019,12:00 PM,Sat,Hawaii,,,Boise State,,,
410,8,Oct 12 2019,12:00 PM,Sat,Iowa State,,,West Virginia,,,
411,8,Oct 12 2019,12:00 PM,Sat,Kent State,,,Akron,,,
412,8,Oct 12 2019,12:00 PM,Sat,Louisville,,,Wake Forest,,,
413,8,Oct 12 2019,12:00 PM,Sat,Maryland,,,Purdue,,,
414,8,Oct 12 2019,12:00 PM,Sat,Massachusetts,,,Louisiana Tech,,,
415,8,Oct 12 2019,12:00 PM,Sat,Memphis,,,Temple,,,
416,8,Oct 12 2019,12:00 PM,Sat,Miami (OH),,,Western Michigan,,,
417,8,Oct 12 2019,12:00 PM,Sat,Michigan,,,Illinois,,,
418,8,Oct 12 2019,12:00 PM,Sat,Michigan State,,,Wisconsin,,,
419,8,Oct 12 2019,12:00 PM,Sat,Middle Tennessee State,,,Florida Atlantic,,,
420,8,Oct 12 2019,12:00 PM,Sat,Mississippi,,,Missouri,,,
421,8,Oct 12 2019,12:00 PM,Sat,Mississippi State,,,Tennessee,,,
422,8,Oct 12 2019,12:00 PM,Sat,Navy,,,Tulsa,,,
423,8,Oct 12 2019,12:00 PM,Sat,Nebraska,,,Minnesota,,,
424,8,Oct 12 2019,12:00 PM,Sat,Nevada-Las Vegas,,,Vanderbilt,,,
425,8,Oct 12 2019,12:00 PM,Sat,New Mexico State,,,Central Michigan,,,
426,8,Oct 12 2019,12:00 PM,Sat,North Texas,,,Southern Mississippi,,,
427,8,Oct 12 2019,12:00 PM,Sat,Northern Illinois,,,Ohio,,,
428,8,Oct 12 2019,12:00 PM,Sat,Oklahoma,,,Texas,,,Cotton Bowl - Dallas Texas
429,8,Oct 12 2019,12:00 PM,Sat,Old Dominion,,,Marshall,,,
430,8,Oct 12 2019,12:00 PM,Sat,Penn State,,,Iowa,,,
431,8,Oct 12 2019,12:00 PM,Sat,Rhode Island,,,Virginia Tech,,,
432,8,Oct 12 2019,12:00 PM,Sat,Rutgers,,,Indiana,,,
433,8,Oct 12 2019,12:00 PM,Sat,San Jose State,,,Nevada,,,
434,8,Oct 12 2019,12:00 PM,Sat,South Carolina,,,Georgia,,,
435,8,Oct 12 2019,12:00 PM,Sat,Southern California,,,Notre Dame,,,
436,8,Oct 12 2019,12:00 PM,Sat,Texas Tech,,,Baylor,,,
437,8,Oct 12 2019,12:00 PM,Sat,Toledo,,,Bowling Green State,,,
438,8,Oct 12 2019,12:00 PM,Sat,Utah,,,Oregon State,,,
439,8,Oct 12 2019,12:00 PM,Sat,Washington,,,Arizona,,,
440,8,Oct 12 2019,12:00 PM,Sat,Washington State,,,Arizona State,,,
441,8,Oct 12 2019,9:30 PM,Sat,Wyoming,,,San Diego State,,,
442,9,Oct 16 2019,12:00 PM,Wed,South Alabama,,,Troy,,,
443,9,Oct 17 2019,12:00 PM,Thu,Louisiana,,,Arkansas State,,,
444,9,Oct 17 2019,12:00 PM,Thu,UCLA,,,Stanford,,,
445,9,Oct 18 2019,9:00 PM,Fri,Nevada-Las Vegas,,,Fresno State,,,
446,9,Oct 18 2019,12:00 PM,Fri,Ohio State,,,Northwestern,,,
447,9,Oct 18 2019,12:00 PM,Fri,Pittsburgh,,,Syracuse,,,
448,9,Oct 19 2019,10:00 PM,Sat,Air Force,,,Hawaii,,,
449,9,Oct 19 2019,12:00 PM,Sat,Arizona,,,Southern California,,,
450,9,Oct 19 2019,12:00 PM,Sat,Arizona State,,,Utah,,,
451,9,Oct 19 2019,12:00 PM,Sat,Army,,,Georgia State,,,
452,9,Oct 19 2019,12:00 PM,Sat,Auburn,,,Arkansas,,,
453,9,Oct 19 2019,12:00 PM,Sat,Baylor,,,Oklahoma State,,,
454,9,Oct 19 2019,12:00 PM,Sat,Boise State,,,Brigham Young,,,
455,9,Oct 19 2019,12:00 PM,Sat,Buffalo,,,Akron,,,
456,9,Oct 19 2019,12:00 PM,Sat,Central Michigan,,,Bowling Green State,,,
457,9,Oct 19 2019,12:00 PM,Sat,Charlotte,,,Western Kentucky,,,
458,9,Oct 19 2019,12:00 PM,Sat,Clemson,,,Louisville,,,
459,9,Oct 19 2019,12:00 PM,Sat,Coastal Carolina,,,Georgia Southern,,,
460,9,Oct 19 2019,12:00 PM,Sat,Colorado,,,Washington State,,,
461,9,Oct 19 2019,12:00 PM,Sat,Duke,,,Virginia,,,
462,9,Oct 19 2019,12:00 PM,Sat,East Carolina,,,Central Florida,,,
463,9,Oct 19 2019,12:00 PM,Sat,Florida,,,South Carolina,,,
464,9,Oct 19 2019,12:00 PM,Sat,Florida State,,,Wake Forest,,,
465,9,Oct 19 2019,12:00 PM,Sat,Georgia Tech,,,Miami (FL),,,
466,9,Oct 19 2019,12:00 PM,Sat,Houston,,,Connecticut,,,
467,9,Oct 19 2019,12:00 PM,Sat,Indiana,,,Maryland,,,
468,9,Oct 19 2019,12:00 PM,Sat,Iowa State,,,Texas Tech,,,
469,9,Oct 19 2019,12:00 PM,Sat,Kansas,,,Texas,,,
470,9,Oct 19 2019,12:00 PM,Sat,Kent State,,,Ohio,,,
471,9,Oct 19 2019,12:00 PM,Sat,Kentucky,,,Georgia,,,
472,9,Oct 19 2019,12:00 PM,Sat,Louisiana State,,,Mississippi State,,,
473,9,Oct 19 2019,12:00 PM,Sat,Louisiana-Monroe,,,Appalachian State,,,
474,9,Oct 19 2019,12:00 PM,Sat,Maine,,,Liberty,,,
475,9,Oct 19 2019,12:00 PM,Sat,Marshall,,,Florida Atlantic,,,
476,9,Oct 19 2019,12:00 PM,Sat,Michigan,,,Penn State,,,
477,9,Oct 19 2019,12:00 PM,Sat,Middle Tennessee State,,,North Texas,,,
478,9,Oct 19 2019,12:00 PM,Sat,Minnesota,,,Rutgers,,,
479,9,Oct 19 2019,12:00 PM,Sat,Missouri,,,Vanderbilt,,,
480,9,Oct 19 2019,12:00 PM,Sat,Nevada,,,Utah State,,,
481,9,Oct 19 2019,12:00 PM,Sat,New Mexico,,,Wyoming,,,
482,9,Oct 19 2019,12:00 PM,Sat,North Carolina,,,Virginia Tech,,,
483,9,Oct 19 2019,12:00 PM,Sat,North Carolina State,,,Boston College,,,
484,9,Oct 19 2019,12:00 PM,Sat,Northern Illinois,,,Miami (OH),,,
485,9,Oct 19 2019,12:00 PM,Sat,Old Dominion,,,Alabama-Birmingham,,,
486,9,Oct 19 2019,12:00 PM,Sat,Oregon,,,Washington,,,
487,9,Oct 19 2019,12:00 PM,Sat,Oregon State,,,California,,,
488,9,Oct 19 2019,12:00 PM,Sat,Purdue,,,Iowa,,,
489,9,Oct 19 2019,12:00 PM,Sat,Rice,,,Texas-San Antonio,,,
490,9,Oct 19 2019,12:00 PM,Sat,San Diego State,,,San Jose State,,,
491,9,Oct 19 2019,12:00 PM,Sat,South Florida,,,Navy,,,
492,9,Oct 19 2019,12:00 PM,Sat,Southern Mississippi,,,Louisiana Tech,,,
493,9,Oct 19 2019,12:00 PM,Sat,Temple,,,Southern Methodist,,,
494,9,Oct 19 2019,12:00 PM,Sat,Tennessee,,,Alabama,,,
495,9,Oct 19 2019,12:00 PM,Sat,Texas A&M,,,Mississippi,,,
496,9,Oct 19 2019,12:00 PM,Sat,Texas Christian,,,Kansas State,,,
497,9,Oct 19 2019,12:00 PM,Sat,Texas-El Paso,,,Florida International,,,
498,9,Oct 19 2019,12:00 PM,Sat,Toledo,,,Ball State,,,
499,9,Oct 19 2019,12:00 PM,Sat,Tulane,,,Memphis,,,
500,9,Oct 19 2019,12:00 PM,Sat,Tulsa,,,Cincinnati,,,
501,9,Oct 19 2019,12:00 PM,Sat,West Virginia,,,Oklahoma,,,
502,9,Oct 19 2019,12:00 PM,Sat,Western Michigan,,,Eastern Michigan,,,
503,9,Oct 19 2019,12:00 PM,Sat,Wisconsin,,,Illinois,,,
504,10,Oct 24 2019,12:00 PM,Thu,Southern Methodist,,,Houston,,,
505,10,Oct 25 2019,12:00 PM,Fri,Southern California,,,Colorado,,,
506,10,Oct 26 2019,12:00 PM,Sat,Akron,,,Northern Illinois,,,
507,10,Oct 26 2019,12:00 PM,Sat,Appalachian State,,,South Alabama,,,
508,10,Oct 26 2019,12:00 PM,Sat,Arizona,,,Stanford,,,
509,10,Oct 26 2019,12:00 PM,Sat,Arizona State,,,UCLA,,,
510,10,Oct 26 2019,12:00 PM,Sat,Arkansas,,,Alabama,,,
511,10,Oct 26 2019,12:00 PM,Sat,Auburn,,,Louisiana State,,,
512,10,Oct 26 2019,12:00 PM,Sat,Boston College,,,Clemson,,,
513,10,Oct 26 2019,12:00 PM,Sat,Bowling Green State,,,Western Michigan,,,
514,10,Oct 26 2019,12:00 PM,Sat,California,,,Utah,,,
515,10,Oct 26 2019,12:00 PM,Sat,Central Florida,,,Temple,,,
516,10,Oct 26 2019,12:00 PM,Sat,Central Michigan,,,Buffalo,,,
517,10,Oct 26 2019,12:00 PM,Sat,Colorado State,,,Fresno State,,,
518,10,Oct 26 2019,12:00 PM,Sat,Connecticut,,,Massachusetts,,,
519,10,Oct 26 2019,12:00 PM,Sat,Duke,,,North Carolina,,,
520,10,Oct 26 2019,12:00 PM,Sat,Eastern Michigan,,,Toledo,,,
521,10,Oct 26 2019,12:00 PM,Sat,Florida Atlantic,,,Old Dominion,,,
522,10,Oct 26 2019,12:00 PM,Sat,Florida International,,,Middle Tennessee State,,,
523,10,Oct 26 2019,12:00 PM,Sat,Hawaii,,,New Mexico,,,
524,10,Oct 26 2019,12:00 PM,Sat,Illinois,,,Purdue,,,
525,10,Oct 26 2019,12:00 PM,Sat,Indiana,,,Nebraska,,,
526,10,Oct 26 2019,12:00 PM,Sat,Iowa,,,Northwestern,,,
527,10,Oct 26 2019,12:00 PM,Sat,Liberty,,,Rutgers,,,
528,10,Oct 26 2019,12:00 PM,Sat,Louisiana Tech,,,Texas-El Paso,,,
529,10,Oct 26 2019,12:00 PM,Sat,Maryland,,,Minnesota,,,
530,10,Oct 26 2019,12:00 PM,Sat,Memphis,,,Tulsa,,,
531,10,Oct 26 2019,12:00 PM,Sat,Miami (FL),,,Pittsburgh,,,
532,10,Oct 26 2019,12:00 PM,Sat,Miami (OH),,,Kent State,,,
533,10,Oct 26 2019,12:00 PM,Sat,Mississippi State,,,Texas A&M,,,
534,10,Oct 26 2019,12:00 PM,Sat,Missouri,,,Kentucky,,,
535,10,Oct 26 2019,12:00 PM,Sat,Nevada,,,Wyoming,,,
536,10,Oct 26 2019,12:00 PM,Sat,New Mexico State,,,Georgia Southern,,,
537,10,Oct 26 2019,12:00 PM,Sat,North Texas,,,Charlotte,,,
538,10,Oct 26 2019,12:00 PM,Sat,Notre Dame,,,Michigan,,,
539,10,Oct 26 2019,12:00 PM,Sat,Ohio,,,Ball State,,,
540,10,Oct 26 2019,12:00 PM,Sat,Oklahoma,,,Kansas State,,,
541,10,Oct 26 2019,12:00 PM,Sat,Oklahoma State,,,Iowa State,,,
542,10,Oct 26 2019,12:00 PM,Sat,Penn State,,,Michigan State,,,
543,10,Oct 26 2019,9:30 PM,Sat,San Diego State,,,Nevada-Las Vegas,,,
544,10,Oct 26 2019,12:00 PM,Sat,San Jose State,,,Army,,,
545,10,Oct 26 2019,12:00 PM,Sat,South Carolina,,,Tennessee,,,
546,10,Oct 26 2019,12:00 PM,Sat,South Florida,,,East Carolina,,,
547,10,Oct 26 2019,12:00 PM,Sat,Southern Mississippi,,,Rice,,,
548,10,Oct 26 2019,12:00 PM,Sat,Syracuse,,,Florida State,,,
549,10,Oct 26 2019,12:00 PM,Sat,Texas,,,Texas Christian,,,
550,10,Oct 26 2019,12:00 PM,Sat,Texas State,,,Arkansas State,,,
551,10,Oct 26 2019,12:00 PM,Sat,Texas Tech,,,Kansas,,,
552,10,Oct 26 2019,12:00 PM,Sat,Troy,,,Georgia State,,,
553,10,Oct 26 2019,12:00 PM,Sat,Tulane,,,Navy,,,
554,10,Oct 26 2019,12:00 PM,Sat,Utah State,,,Air Force,,,
555,10,Oct 26 2019,12:00 PM,Sat,Virginia,,,Louisville,,,
556,10,Oct 26 2019,12:00 PM,Sat,Washington State,,,Oregon,,,
557,10,Oct 26 2019,12:00 PM,Sat,Western Kentucky,,,Marshall,,,
558,10,Oct 26 2019,12:00 PM,Sat,Wisconsin,,,Ohio State,,,
559,11,Oct 31 2019,12:00 PM,Thu,Georgia Southern,,,Appalachian State,,,
560,11,Oct 31 2019,12:00 PM,Thu,West Virginia,,,Baylor,,,
561,11,Nov 1 2019,12:00 PM,Fri,Navy,,,Connecticut,,,
562,11,Nov 2 2019,12:00 PM,Sat,Akron,,,Bowling Green State,,,
563,11,Nov 2 2019,12:00 PM,Sat,Alabama-Birmingham,,,Tennessee,,,
564,11,Nov 2 2019,12:00 PM,Sat,Arkansas State,,,Louisiana-Monroe,,,
565,11,Nov 2 2019,2:30 PM,Sat,Army,,,Air Force,,,
566,11,Nov 2 2019,9:30 PM,Sat,Boise State,,,San Jose State,,,
567,11,Nov 2 2019,12:00 PM,Sat,Boston College,,,Syracuse,,,
568,11,Nov 2 2019,12:00 PM,Sat,Brigham Young,,,Utah State,,,
569,11,Nov 2 2019,12:00 PM,Sat,Buffalo,,,Eastern Michigan,,,
570,11,Nov 2 2019,12:00 PM,Sat,Cincinnati,,,East Carolina,,,
571,11,Nov 2 2019,12:00 PM,Sat,Colorado,,,UCLA,,,
572,11,Nov 2 2019,12:00 PM,Sat,Florida,,,Georgia,,,TIAA Bank Field - Jacksonville Florida
573,11,Nov 2 2019,12:00 PM,Sat,Florida Atlantic,,,Western Kentucky,,,
574,11,Nov 2 2019,12:00 PM,Sat,Fresno State,,,Hawaii,,,
575,11,Nov 2 2019,12:00 PM,Sat,Houston,,,Central Florida,,,
576,11,Nov 2 2019,12:00 PM,Sat,Kansas State,,,Kansas,,,
577,11,Nov 2 2019,12:00 PM,Sat,Liberty,,,Massachusetts,,,
578,11,Nov 2 2019,12:00 PM,Sat,Marshall,,,Rice,,,
579,11,Nov 2 2019,12:00 PM,Sat,Miami (FL),,,Florida State,,,
580,11,Nov 2 2019,12:00 PM,Sat,Michigan,,,Maryland,,,
581,11,Nov 2 2019,12:00 PM,Sat,Middle Tennessee State,,,Charlotte,,,
582,11,Nov 2 2019,12:00 PM,Sat,Mississippi,,,Auburn,,,
583,11,Nov 2 2019,12:00 PM,Sat,Mississippi State,,,Arkansas,,,
584,11,Nov 2 2019,12:00 PM,Sat,Nebraska,,,Purdue,,,
585,11,Nov 2 2019,12:00 PM,Sat,Nevada-Las Vegas,,,Colorado State,,,
586,11,Nov 2 2019,12:00 PM,Sat,New Mexico,,,Nevada,,,
587,11,Nov 2 2019,12:00 PM,Sat,North Carolina State,,,Wake Forest,,,
588,11,Nov 2 2019,12:00 PM,Sat,Northern Illinois,,,Central Michigan,,,
589,11,Nov 2 2019,12:00 PM,Sat,Northwestern,,,Indiana,,,
590,11,Nov 2 2019,12:00 PM,Sat,Old Dominion,,,Florida International,,,
591,11,Nov 2 2019,12:00 PM,Sat,Oregon,,,Southern California,,,
592,11,Nov 2 2019,12:00 PM,Sat,Oregon State,,,Arizona,,,
593,11,Nov 2 2019,12:00 PM,Sat,Pittsburgh,,,Georgia Tech,,,
594,11,Nov 2 2019,12:00 PM,Sat,Rutgers,,,Illinois,,,
595,11,Nov 2 2019,12:00 PM,Sat,Southern Methodist,,,Memphis,,,
596,11,Nov 2 2019,12:00 PM,Sat,Texas Christian,,,Oklahoma State,,,
597,11,Nov 2 2019,12:00 PM,Sat,Texas State,,,Louisiana,,,
598,11,Nov 2 2019,12:00 PM,Sat,Texas-El Paso,,,North Texas,,,
599,11,Nov 2 2019,12:00 PM,Sat,Texas-San Antonio,,,Texas A&M,,,
600,11,Nov 2 2019,12:00 PM,Sat,Troy,,,Coastal Carolina,,,
601,11,Nov 2 2019,12:00 PM,Sat,Tulsa,,,Tulane,,,
602,11,Nov 2 2019,12:00 PM,Sat,Utah,,,Washington,,,
603,11,Nov 2 2019,12:00 PM,Sat,Vanderbilt,,,South Carolina,,,
604,11,Nov 2 2019,12:00 PM,Sat,Virginia,,,North Carolina,,,
605,11,Nov 2 2019,12:00 PM,Sat,Virginia Tech,,,Notre Dame,,,
606,11,Nov 2 2019,12:00 PM,Sat,Wofford,,,Clemson,,,
607,12,Nov 5 2019,12:00 PM,Tue,Ball State,,,Western Michigan,,,
608,12,Nov 5 2019,12:00 PM,Tue,Kent State,,,Toledo,,,
609,12,Nov 6 2019,12:00 PM,Wed,Miami (OH),,,Ohio,,,
610,12,Nov 7 2019,12:00 PM,Thu,Louisiana,,,Coastal Carolina,,,
611,12,Nov 7 2019,12:00 PM,Thu,Temple,,,South Florida,,,
612,12,Nov 8 2019,12:00 PM,Fri,Central Florida,,,Tulsa,,,
613,12,Nov 8 2019,12:00 PM,Fri,Washington,,,Oregon State,,,
614,12,Nov 9 2019,12:00 PM,Sat,Air Force,,,New Mexico,,,
615,12,Nov 9 2019,12:00 PM,Sat,Alabama-Birmingham,,,Southern Mississippi,,,
616,12,Nov 9 2019,12:00 PM,Sat,Appalachian State,,,South Carolina,,,
617,12,Nov 9 2019,12:00 PM,Sat,Baylor,,,Texas Christian,,,
618,12,Nov 9 2019,12:00 PM,Sat,Charlotte,,,Texas-El Paso,,,
619,12,Nov 9 2019,12:00 PM,Sat,Clemson,,,North Carolina State,,,
620,12,Nov 9 2019,12:00 PM,Sat,Connecticut,,,Cincinnati,,,
621,12,Nov 9 2019,12:00 PM,Sat,East Carolina,,,Southern Methodist,,,
622,12,Nov 9 2019,12:00 PM,Sat,Florida International,,,Florida Atlantic,,,
623,12,Nov 9 2019,12:00 PM,Sat,Florida State,,,Boston College,,,
624,12,Nov 9 2019,12:00 PM,Sat,Georgia Southern,,,Troy,,,
625,12,Nov 9 2019,12:00 PM,Sat,Georgia State,,,Louisiana-Monroe,,,
626,12,Nov 9 2019,12:00 PM,Sat,Georgia Tech,,,Virginia,,,
627,12,Nov 9 2019,12:00 PM,Sat,Illinois,,,Michigan State,,,
628,12,Nov 9 2019,12:00 PM,Sat,Iowa,,,Wisconsin,,,
629,12,Nov 9 2019,12:00 PM,Sat,Iowa State,,,Oklahoma,,,
630,12,Nov 9 2019,12:00 PM,Sat,Kansas State,,,Texas,,,
631,12,Nov 9 2019,12:00 PM,Sat,Liberty,,,Brigham Young,,,
632,12,Nov 9 2019,12:00 PM,Sat,Louisiana State,,,Alabama,,,
633,12,Nov 9 2019,12:00 PM,Sat,Louisville,,,Miami (FL),,,
634,12,Nov 9 2019,12:00 PM,Sat,Maryland,,,Ohio State,,,
635,12,Nov 9 2019,12:00 PM,Sat,Massachusetts,,,Army,,,
636,12,Nov 9 2019,12:00 PM,Sat,Missouri,,,Georgia,,,
637,12,Nov 9 2019,12:00 PM,Sat,Nevada,,,San Diego State,,,
638,12,Nov 9 2019,12:00 PM,Sat,New Mexico State,,,Mississippi,,,
639,12,Nov 9 2019,12:00 PM,Sat,North Texas,,,Louisiana Tech,,,
640,12,Nov 9 2019,12:00 PM,Sat,Notre Dame,,,Duke,,,
641,12,Nov 9 2019,12:00 PM,Sat,Penn State,,,Minnesota,,,
642,12,Nov 9 2019,12:00 PM,Sat,Purdue,,,Northwestern,,,
643,12,Nov 9 2019,12:00 PM,Sat,San Jose State,,,Hawaii,,,
644,12,Nov 9 2019,12:00 PM,Sat,South Alabama,,,Texas State,,,
645,12,Nov 9 2019,12:00 PM,Sat,Southern California,,,Arizona State,,,
646,12,Nov 9 2019,12:00 PM,Sat,Stanford,,,Colorado,,,
647,12,Nov 9 2019,12:00 PM,Sat,Tennessee,,,Kentucky,,,
648,12,Nov 9 2019,12:00 PM,Sat,Texas Tech,,,West Virginia,,,
649,12,Nov 9 2019,12:00 PM,Sat,Texas-San Antonio,,,Old Dominion,,,
650,12,Nov 9 2019,7:00 PM,Sat,Utah State,,,Fresno State,,,
651,12,Nov 9 2019,12:00 PM,Sat,Vanderbilt,,,Florida,,,
652,12,Nov 9 2019,12:00 PM,Sat,Wake Forest,,,Virginia Tech,,,
653,12,Nov 9 2019,12:00 PM,Sat,Washington State,,,California,,,
654,12,Nov 9 2019,12:00 PM,Sat,Western Kentucky,,,Arkansas,,,
655,12,Nov 9 2019,12:00 PM,Sat,Wyoming,,,Boise State,,,
656,13,Nov 12 2019,12:00 PM,Tue,Eastern Michigan,,,Akron,,,
657,13,Nov 12 2019,12:00 PM,Tue,Western Michigan,,,Ohio,,,
658,13,Nov 13 2019,12:00 PM,Wed,Bowling Green State,,,Miami (OH),,,
659,13,Nov 13 2019,12:00 PM,Wed,Northern Illinois,,,Toledo,,,
660,13,Nov 14 2019,12:00 PM,Thu,Buffalo,,,Kent State,,,
661,13,Nov 14 2019,12:00 PM,Thu,North Carolina,,,Pittsburgh,,,
662,13,Nov 15 2019,9:30 PM,Fri,Fresno State,,,San Diego State,,,
663,13,Nov 16 2019,12:00 PM,Sat,Air Force,,,Colorado State,,,
664,13,Nov 16 2019,12:00 PM,Sat,Alabama,,,Mississippi State,,,
665,13,Nov 16 2019,12:00 PM,Sat,Alabama State,,,Florida State,,,
666,13,Nov 16 2019,12:00 PM,Sat,Appalachian State,,,Georgia State,,,
667,13,Nov 16 2019,12:00 PM,Sat,Arizona,,,Oregon,,,
668,13,Nov 16 2019,12:00 PM,Sat,Arizona State,,,Oregon State,,,
669,13,Nov 16 2019,12:00 PM,Sat,Central Michigan,,,Ball State,,,
670,13,Nov 16 2019,12:00 PM,Sat,Cincinnati,,,South Florida,,,
671,13,Nov 16 2019,12:00 PM,Sat,Coastal Carolina,,,Arkansas State,,,
672,13,Nov 16 2019,12:00 PM,Sat,Florida,,,Missouri,,,
673,13,Nov 16 2019,12:00 PM,Sat,Georgia,,,Auburn,,,
674,13,Nov 16 2019,12:00 PM,Sat,Hawaii,,,Nevada-Las Vegas,,,
675,13,Nov 16 2019,12:00 PM,Sat,Idaho State,,,Brigham Young,,,
676,13,Nov 16 2019,12:00 PM,Sat,Incarnate Word,,,New Mexico State,,,
677,13,Nov 16 2019,12:00 PM,Sat,Indiana,,,Penn State,,,
678,13,Nov 16 2019,12:00 PM,Sat,Kansas,,,Oklahoma State,,,
679,13,Nov 16 2019,12:00 PM,Sat,Kentucky,,,Vanderbilt,,,
680,13,Nov 16 2019,12:00 PM,Sat,Louisiana,,,South Alabama,,,
681,13,Nov 16 2019,12:00 PM,Sat,Louisiana State,,,Mississippi,,,
682,13,Nov 16 2019,12:00 PM,Sat,Louisiana Tech,,,Marshall,,,
683,13,Nov 16 2019,12:00 PM,Sat,Louisiana-Monroe,,,Georgia Southern,,,
684,13,Nov 16 2019,12:00 PM,Sat,Louisville,,,North Carolina State,,,
685,13,Nov 16 2019,12:00 PM,Sat,Massachusetts,,,Northwestern,,,
686,13,Nov 16 2019,12:00 PM,Sat,Memphis,,,Houston,,,
687,13,Nov 16 2019,12:00 PM,Sat,Michigan State,,,Michigan,,,
688,13,Nov 16 2019,12:00 PM,Sat,Minnesota,,,Iowa,,,
689,13,Nov 16 2019,12:00 PM,Sat,Navy,,,Notre Dame,,,
690,13,Nov 16 2019,12:00 PM,Sat,New Mexico,,,Boise State,,,
691,13,Nov 16 2019,12:00 PM,Sat,Ohio State,,,Rutgers,,,
692,13,Nov 16 2019,12:00 PM,Sat,Oklahoma,,,Baylor,,,
693,13,Nov 16 2019,12:00 PM,Sat,Rice,,,Middle Tennessee State,,,
694,13,Nov 16 2019,12:00 PM,Sat,South Carolina,,,Texas A&M,,,
695,13,Nov 16 2019,12:00 PM,Sat,Southern California,,,California,,,
696,13,Nov 16 2019,12:00 PM,Sat,Southern Mississippi,,,Texas-San Antonio,,,
697,13,Nov 16 2019,12:00 PM,Sat,Stanford,,,Washington State,,,
698,13,Nov 16 2019,12:00 PM,Sat,Syracuse,,,Duke,,,
699,13,Nov 16 2019,12:00 PM,Sat,Texas,,,Iowa State,,,
700,13,Nov 16 2019,12:00 PM,Sat,Texas Christian,,,Texas Tech,,,
701,13,Nov 16 2019,12:00 PM,Sat,Texas-El Paso,,,Alabama-Birmingham,,,
702,13,Nov 16 2019,12:00 PM,Sat,Troy,,,Texas State,,,
703,13,Nov 16 2019,12:00 PM,Sat,Tulane,,,Temple,,,
704,13,Nov 16 2019,12:00 PM,Sat,UCLA,,,Utah,,,
705,13,Nov 16 2019,12:00 PM,Sat,Virginia Military Institute,,,Army,,,
706,13,Nov 16 2019,12:00 PM,Sat,Virginia Tech,,,Georgia Tech,,,
707,13,Nov 16 2019,12:00 PM,Sat,Wake Forest,,,Clemson,,,
708,13,Nov 16 2019,12:00 PM,Sat,West Virginia,,,Kansas State,,,
709,13,Nov 16 2019,12:00 PM,Sat,Wisconsin,,,Nebraska,,,
710,13,Nov 16 2019,12:00 PM,Sat,Wyoming,,,Utah State,,,
711,14,Nov 19 2019,12:00 PM,Tue,Eastern Michigan,,,Northern Illinois,,,
712,14,Nov 19 2019,12:00 PM,Tue,Ohio,,,Bowling Green State,,,
713,14,Nov 20 2019,12:00 PM,Wed,Akron,,,Miami (OH),,,
714,14,Nov 20 2019,12:00 PM,Wed,Toledo,,,Buffalo,,,
715,14,Nov 21 2019,12:00 PM,Thu,North Carolina State,,,Georgia Tech,,,
716,14,Nov 22 2019,9:30 PM,Fri,Colorado State,,,Wyoming,,,
717,14,Nov 23 2019,12:00 PM,Sat,Abilene Christian,,,Mississippi State,,,
718,14,Nov 23 2019,12:00 PM,Sat,Arkansas,,,Louisiana State,,,
719,14,Nov 23 2019,12:00 PM,Sat,Ball State,,,Kent State,,,
720,14,Nov 23 2019,10:30 PM,Sat,Boise State,,,Utah State,,,
721,14,Nov 23 2019,12:00 PM,Sat,Boston College,,,Notre Dame,,,
722,14,Nov 23 2019,12:00 PM,Sat,Brigham Young,,,Massachusetts,,,
723,14,Nov 23 2019,12:00 PM,Sat,California,,,Stanford,,,
724,14,Nov 23 2019,12:00 PM,Sat,Central Florida,,,Tulane,,,
725,14,Nov 23 2019,12:00 PM,Sat,Coastal Carolina,,,Louisiana-Monroe,,,
726,14,Nov 23 2019,12:00 PM,Sat,Duke,,,Wake Forest,,,
727,14,Nov 23 2019,12:00 PM,Sat,East Carolina,,,Connecticut,,,
728,14,Nov 23 2019,12:00 PM,Sat,East Tennessee State,,,Vanderbilt,,,
729,14,Nov 23 2019,12:00 PM,Sat,Florida Atlantic,,,Texas-San Antonio,,,
730,14,Nov 23 2019,12:00 PM,Sat,Georgia Southern,,,Arkansas State,,,
731,14,Nov 23 2019,12:00 PM,Sat,Houston,,,Tulsa,,,
732,14,Nov 23 2019,12:00 PM,Sat,Illinois,,,Iowa,,,
733,14,Nov 23 2019,12:00 PM,Sat,Kansas,,,Iowa State,,,
734,14,Nov 23 2019,12:00 PM,Sat,Kansas State,,,Texas Tech,,,
735,14,Nov 23 2019,12:00 PM,Sat,Liberty,,,Virginia,,,
736,14,Nov 23 2019,12:00 PM,Sat,Louisiana Tech,,,Alabama-Birmingham,,,
737,14,Nov 23 2019,12:00 PM,Sat,Marshall,,,Charlotte,,,
738,14,Nov 23 2019,12:00 PM,Sat,Memphis,,,South Florida,,,
739,14,Nov 23 2019,12:00 PM,Sat,Mercer,,,North Carolina,,,
740,14,Nov 23 2019,12:00 PM,Sat,Miami (FL),,,Florida International,,,
741,14,Nov 23 2019,12:00 PM,Sat,Michigan,,,Indiana,,,
742,14,Nov 23 2019,12:00 PM,Sat,Michigan State,,,Rutgers,,,
743,14,Nov 23 2019,12:00 PM,Sat,Minnesota,,,Northwestern,,,
744,14,Nov 23 2019,12:00 PM,Sat,Nebraska,,,Maryland,,,
745,14,Nov 23 2019,12:00 PM,Sat,Nevada,,,Fresno State,,,
746,14,Nov 23 2019,12:00 PM,Sat,North Texas,,,Rice,,,
747,14,Nov 23 2019,12:00 PM,Sat,Oklahoma State,,,West Virginia,,,
748,14,Nov 23 2019,12:00 PM,Sat,Old Dominion,,,Middle Tennessee State,,,
749,14,Nov 23 2019,12:00 PM,Sat,Oregon,,,Arizona State,,,
750,14,Nov 23 2019,12:00 PM,Sat,Oregon State,,,Washington State,,,
751,14,Nov 23 2019,12:00 PM,Sat,Penn State,,,Ohio State,,,
752,14,Nov 23 2019,12:00 PM,Sat,Pittsburgh,,,Virginia Tech,,,
753,14,Nov 23 2019,12:00 PM,Sat,Purdue,,,Wisconsin,,,
754,14,Nov 23 2019,12:00 PM,Sat,Samford,,,Auburn,,,
755,14,Nov 23 2019,12:00 PM,Sat,San Diego State,,,Hawaii,,,
756,14,Nov 23 2019,12:00 PM,Sat,San Jose State,,,Nevada-Las Vegas,,,
757,14,Nov 23 2019,12:00 PM,Sat,South Alabama,,,Georgia State,,,
758,14,Nov 23 2019,12:00 PM,Sat,Southern Methodist,,,Navy,,,
759,14,Nov 23 2019,12:00 PM,Sat,Syracuse,,,Louisville,,,
760,14,Nov 23 2019,12:00 PM,Sat,Temple,,,Cincinnati,,,
761,14,Nov 23 2019,12:00 PM,Sat,Tennessee,,,Missouri,,,
762,14,Nov 23 2019,12:00 PM,Sat,Tennessee-Martin,,,Kentucky,,,
763,14,Nov 23 2019,12:00 PM,Sat,Texas,,,Baylor,,,
764,14,Nov 23 2019,12:00 PM,Sat,Texas A&M,,,Georgia,,,
765,14,Nov 23 2019,12:00 PM,Sat,Texas Christian,,,Oklahoma,,,
766,14,Nov 23 2019,12:00 PM,Sat,Texas State,,,Appalachian State,,,
767,14,Nov 23 2019,12:00 PM,Sat,Texas-El Paso,,,New Mexico State,,,
768,14,Nov 23 2019,12:00 PM,Sat,Troy,,,Louisiana,,,
769,14,Nov 23 2019,12:00 PM,Sat,UCLA,,,Southern California,,,
770,14,Nov 23 2019,12:00 PM,Sat,Utah,,,Arizona,,,
771,14,Nov 23 2019,12:00 PM,Sat,Washington,,,Colorado,,,
772,14,Nov 23 2019,12:00 PM,Sat,Western Carolina,,,Alabama,,,
773,14,Nov 23 2019,12:00 PM,Sat,Western Kentucky,,,Southern Mississippi,,,
774,15,Nov 26 2019,12:00 PM,Tue,Ohio,,,Akron,,,
775,15,Nov 26 2019,12:00 PM,Tue,Western Michigan,,,Northern Illinois,,,
776,15,Nov 28 2019,12:00 PM,Thu,Mississippi,,,Mississippi State,,,
777,15,Nov 29 2019,12:00 PM,Fri,Arizona,,,Arizona State,,,
778,15,Nov 29 2019,3:30 PM,Fri,Boise State,,,Colorado State,,,
779,15,Nov 29 2019,12:00 PM,Fri,Bowling Green State,,,Buffalo,,,
780,15,Nov 29 2019,12:00 PM,Fri,Cincinnati,,,Memphis,,,
781,15,Nov 29 2019,12:00 PM,Fri,Iowa,,,Nebraska,,,
782,15,Nov 29 2019,12:00 PM,Fri,Kent State,,,Eastern Michigan,,,
783,15,Nov 29 2019,12:00 PM,Fri,Miami (OH),,,Ball State,,,
784,15,Nov 29 2019,12:00 PM,Fri,South Florida,,,Central Florida,,,
785,15,Nov 29 2019,12:00 PM,Fri,Texas Tech,,,Texas,,,
786,15,Nov 29 2019,12:00 PM,Fri,Toledo,,,Central Michigan,,,
787,15,Nov 29 2019,12:00 PM,Fri,Virginia Tech,,,Virginia,,,
788,15,Nov 29 2019,12:00 PM,Fri,Washington State,,,Washington,,,
789,15,Nov 29 2019,12:00 PM,Fri,West Virginia,,,Texas Christian,,,
790,15,Nov 30 2019,12:00 PM,Sat,Alabama,,,Auburn,,,
791,15,Nov 30 2019,12:00 PM,Sat,Alabama-Birmingham,,,North Texas,,,
792,15,Nov 30 2019,12:00 PM,Sat,Appalachian State,,,Troy,,,
793,15,Nov 30 2019,12:00 PM,Sat,Arkansas State,,,South Alabama,,,
794,15,Nov 30 2019,11:59 PM,Sat,Army,,,Hawaii,,,
795,15,Nov 30 2019,12:00 PM,Sat,Baylor,,,Kansas,,,
796,15,Nov 30 2019,12:00 PM,Sat,Boston College,,,Pittsburgh,,,
797,15,Nov 30 2019,9:00 PM,Sat,Brigham Young,,,San Diego State,,,
798,15,Nov 30 2019,12:00 PM,Sat,California,,,UCLA,,,
799,15,Nov 30 2019,12:00 PM,Sat,Charlotte,,,Old Dominion,,,
800,15,Nov 30 2019,12:00 PM,Sat,Clemson,,,South Carolina,,,
801,15,Nov 30 2019,12:00 PM,Sat,Colorado,,,Utah,,,
802,15,Nov 30 2019,12:00 PM,Sat,Connecticut,,,Temple,,,
803,15,Nov 30 2019,12:00 PM,Sat,Florida International,,,Marshall,,,
804,15,Nov 30 2019,12:00 PM,Sat,Florida State,,,Florida,,,
805,15,Nov 30 2019,12:00 PM,Sat,Fresno State,,,San Jose State,,,
806,15,Nov 30 2019,12:00 PM,Sat,Georgia,,,Georgia Tech,,,
807,15,Nov 30 2019,12:00 PM,Sat,Georgia State,,,Georgia Southern,,,
808,15,Nov 30 2019,12:00 PM,Sat,Indiana,,,Purdue,,,
809,15,Nov 30 2019,12:00 PM,Sat,Iowa State,,,Kansas State,,,
810,15,Nov 30 2019,12:00 PM,Sat,Louisiana-Monroe,,,Louisiana,,,
811,15,Nov 30 2019,12:00 PM,Sat,Louisville,,,Kentucky,,,
812,15,Nov 30 2019,12:00 PM,Sat,Maryland,,,Michigan State,,,
813,15,Nov 30 2019,12:00 PM,Sat,Miami (FL),,,Duke,,,
814,15,Nov 30 2019,12:00 PM,Sat,Middle Tennessee State,,,Western Kentucky,,,
815,15,Nov 30 2019,12:00 PM,Sat,Missouri,,,Arkansas,,,
816,15,Nov 30 2019,12:00 PM,Sat,Navy,,,Houston,,,
817,15,Nov 30 2019,12:00 PM,Sat,Nevada-Las Vegas,,,Nevada,,,
818,15,Nov 30 2019,12:00 PM,Sat,New Mexico State,,,Liberty,,,
819,15,Nov 30 2019,12:00 PM,Sat,North Carolina,,,North Carolina State,,,
820,15,Nov 30 2019,12:00 PM,Sat,Northwestern,,,Illinois,,,
821,15,Nov 30 2019,12:00 PM,Sat,Notre Dame,,,Stanford,,,
822,15,Nov 30 2019,12:00 PM,Sat,Ohio State,,,Michigan,,,
823,15,Nov 30 2019,12:00 PM,Sat,Oklahoma,,,Oklahoma State,,,
824,15,Nov 30 2019,12:00 PM,Sat,Oregon State,,,Oregon,,,
825,15,Nov 30 2019,12:00 PM,Sat,Rice,,,Texas-El Paso,,,
826,15,Nov 30 2019,12:00 PM,Sat,Rutgers,,,Penn State,,,
827,15,Nov 30 2019,12:00 PM,Sat,Southern Mississippi,,,Florida Atlantic,,,
828,15,Nov 30 2019,12:00 PM,Sat,Texas A&M,,,Louisiana State,,,
829,15,Nov 30 2019,12:00 PM,Sat,Texas State,,,Coastal Carolina,,,
830,15,Nov 30 2019,12:00 PM,Sat,Texas-San Antonio,,,Louisiana Tech,,,
831,15,Nov 30 2019,12:00 PM,Sat,Tulane,,,Southern Methodist,,,
832,15,Nov 30 2019,12:00 PM,Sat,Tulsa,,,East Carolina,,,
833,15,Nov 30 2019,12:00 PM,Sat,Utah State,,,New Mexico,,,
834,15,Nov 30 2019,12:00 PM,Sat,Vanderbilt,,,Tennessee,,,
835,15,Nov 30 2019,12:00 PM,Sat,Wake Forest,,,Syracuse,,,
836,15,Nov 30 2019,12:00 PM,Sat,Wisconsin,,,Minnesota,,,
837,15,Nov 30 2019,12:00 PM,Sat,Wyoming,,,Air Force,,,
838,16,Dec 14 2019,3:00 PM,Sat,Army,,,Navy,,,